EmployeeID,FirstName,LastName,Gender,Age,HireDate,DepartmentID,JobRole,Salary,ManagerID
1001,Michael,Church,Other,29,2022-07-13,1,Technical Support,62098,
1002,Kenneth,Roberts,Other,28,2021-01-11,5,Sales Executive,107397,
1003,Lisa,Garcia,Male,27,2020-08-27,2,Data Analyst,96237,
1004,Ronald,Camacho,Other,34,2020-06-06,5,Project Manager,58893,
1005,Nicole,Lin,Female,22,2024-02-21,2,Project Manager,74597,
1006,Aaron,Griffin,Male,43,2019-05-03,1,Sales Executive,79797,1868.0
1007,Edward,Smith,Female,60,2020-05-19,3,HR Specialist,90217,
1008,Kathleen,French,Female,27,2024-04-07,5,Technical Support,112397,
1009,Emily,Henry,Female,58,2023-05-01,2,Sales Executive,36006,
1010,Loretta,Wallace,Female,27,2023-02-18,2,Sales Executive,79823,
1011,Claire,Mitchell,Other,45,2023-12-16,2,Accountant,76566,
1012,Daniel,Brown,Female,26,2022-05-31,5,Software Engineer,100010,
1013,William,Shaw,Male,51,2021-03-29,4,Technical Support,113886,
1014,James,Huang,Male,42,2021-03-14,1,Data Analyst,34207,
1015,Nicole,Poole,Female,39,2020-08-22,1,Data Analyst,104341,
1016,Thomas,Hernandez,Female,35,2022-12-02,4,Project Manager,114259,
1017,Nathan,Gamble,Female,30,2021-04-22,2,Technical Support,106622,
1018,Jennifer,Stanley,Other,47,2020-07-10,3,Data Analyst,48131,
1019,Lauren,Allen,Male,25,2019-02-13,1,Software Engineer,112240,
1020,Sandra,Joseph,Other,49,2022-04-24,5,Sales Executive,80432,
1021,Michelle,Pratt,Female,55,2020-03-27,3,HR Specialist,119166,
1022,William,Lee,Other,56,2022-10-02,3,Accountant,44621,
1023,Crystal,Foster,Male,51,2019-03-12,1,Technical Support,95612,
1024,Julie,Miller,Other,28,2018-09-04,3,Data Analyst,50032,
1025,Barbara,Brooks,Male,56,2024-06-09,5,HR Specialist,108504,
1026,Chelsea,Gonzalez,Male,29,2023-12-03,3,Technical Support,61385,1900.0
1027,Brian,Guerra,Other,27,2022-12-01,1,System Admin,39071,
1028,Jacob,Miller,Other,30,2022-12-24,2,System Admin,102063,
1029,Cindy,Moreno,Other,60,2022-01-27,4,Data Analyst,100686,
1030,Travis,Vargas,Other,34,2018-10-02,3,Project Manager,118039,
1031,Melissa,Donovan,Female,55,2020-08-08,4,Sales Executive,62493,
1032,Micheal,Galloway,Female,23,2019-04-09,5,Data Analyst,107128,
1033,James,Bradley,Male,25,2020-08-22,2,Sales Executive,34117,
1034,Heather,Wilson,Male,54,2020-02-24,2,Technical Support,117684,
1035,Russell,Burke,Other,30,2020-04-23,5,System Admin,61850,
1036,Christopher,Gregory,Female,34,2022-06-16,1,Sales Executive,116374,
1037,Jared,Ramirez,Female,48,2023-12-23,4,HR Specialist,118259,
1038,David,Lloyd,Other,28,2022-05-26,1,Project Manager,74473,
1039,Juan,Barnes,Male,37,2021-06-28,2,Data Analyst,100292,
1040,Daniel,Mason,Female,33,2024-05-24,3,System Admin,62742,
1041,Jeffrey,Donovan,Male,50,2020-12-05,5,Sales Executive,36630,
1042,Rachel,Delgado,Other,22,2021-11-14,1,Data Analyst,51798,
1043,Robert,Bowman,Female,35,2023-06-24,4,HR Specialist,51579,
1044,Lauren,Cruz,Female,38,2024-04-18,4,Technical Support,85444,
1045,Randy,Petersen,Other,57,2022-03-19,4,Software Engineer,54890,
1046,Dawn,Figueroa,Male,59,2021-07-24,5,HR Specialist,71104,1599.0
1047,Laurie,Vasquez,Female,54,2023-03-12,5,Software Engineer,37455,
1048,Erin,Peterson,Male,33,2023-09-16,1,Sales Executive,118501,
1049,William,Kim,Female,29,2022-02-18,5,Data Analyst,105880,
1050,Stephanie,Floyd,Other,27,2020-06-02,4,Accountant,64179,
1051,Tony,Rose,Other,42,2020-12-11,2,Technical Support,81876,
1052,Deborah,Cruz,Other,41,2018-08-26,4,Accountant,39508,1637.0
1053,Andrew,Chen,Other,28,2021-03-04,1,Data Analyst,96307,
1054,Carol,Sanchez,Female,26,2022-02-17,2,Accountant,67353,
1055,Tammy,Hughes,Other,41,2023-08-02,5,HR Specialist,117538,
1056,Patricia,Proctor,Female,28,2023-09-03,2,Technical Support,45129,
1057,Don,Benton,Other,57,2020-06-02,2,Technical Support,66930,
1058,Erica,Espinoza,Other,43,2019-02-15,2,Technical Support,96244,
1059,Kevin,Bennett,Male,27,2021-04-13,4,Technical Support,35778,1790.0
1060,Wayne,Rivera,Male,38,2021-03-12,2,System Admin,102309,
1061,Tracy,Ford,Other,22,2023-01-24,1,Sales Executive,49536,
1062,Kayla,Snyder,Female,59,2023-01-16,5,Software Engineer,86333,
1063,Elizabeth,Price,Female,45,2020-09-06,1,Accountant,57535,
1064,Jennifer,Parsons,Other,28,2020-01-06,3,Project Manager,111351,
1065,Wendy,Beck,Male,32,2023-05-25,2,Project Manager,33248,
1066,Brian,Mcguire,Female,48,2021-10-13,2,Technical Support,50866,
1067,Phillip,Montgomery,Male,46,2024-01-10,1,System Admin,59154,
1068,Michael,Bailey,Female,44,2024-03-31,3,Data Analyst,59219,1198.0
1069,David,Jackson,Female,43,2024-02-24,3,Sales Executive,66585,
1070,Joel,Armstrong,Other,47,2020-04-12,5,Accountant,33617,
1071,Zoe,Brown,Female,33,2020-04-05,5,Technical Support,35014,
1072,Joanna,Anderson,Female,44,2021-04-20,3,Project Manager,109457,
1073,Christopher,Miller,Male,46,2023-04-16,5,Data Analyst,63386,1447.0
1074,Glenn,Brady,Male,55,2023-11-20,5,Data Analyst,77739,
1075,Kelly,Rojas,Other,43,2019-11-22,5,Accountant,116951,
1076,Colton,Anderson,Other,41,2019-07-19,5,Technical Support,117410,
1077,Glenn,Sellers,Female,40,2019-08-13,5,Software Engineer,55144,
1078,Tina,Moore,Female,33,2022-05-01,5,Technical Support,83225,
1079,Louis,Levy,Male,41,2021-01-21,3,Data Analyst,86346,
1080,Robert,Carter,Other,42,2021-01-19,4,System Admin,87954,
1081,Brandon,Cervantes,Other,52,2020-10-26,2,Sales Executive,67196,
1082,Shawn,Jones,Other,43,2020-07-31,1,Data Analyst,118184,
1083,Luis,Jones,Male,31,2024-06-03,1,HR Specialist,62092,
1084,Sharon,Owens,Other,26,2019-12-30,4,Project Manager,112544,
1085,Tina,Ellis,Other,46,2020-07-01,4,Project Manager,61979,
1086,Yolanda,Gibson,Other,22,2019-07-04,1,Project Manager,58683,
1087,Robert,Ray,Other,55,2019-04-06,4,HR Specialist,103060,
1088,James,Griffin,Male,51,2023-05-12,2,System Admin,117500,
1089,Luis,Dalton,Other,60,2019-07-06,3,System Admin,110301,
1090,Jenna,Allison,Other,49,2021-03-20,5,System Admin,50861,
1091,Karen,Luna,Female,50,2022-04-13,3,Data Analyst,113579,
1092,Veronica,Thompson,Other,53,2018-11-13,2,Technical Support,87654,1293.0
1093,Miranda,Ross,Male,39,2023-07-27,3,Accountant,100798,1155.0
1094,Brian,Evans,Male,46,2021-08-11,2,Data Analyst,38418,
1095,Diane,House,Female,56,2019-08-06,4,Project Manager,38161,
1096,Michael,Gonzalez,Female,46,2019-04-23,5,HR Specialist,105456,
1097,Christina,Williams,Male,44,2022-07-24,3,Project Manager,84921,
1098,Heidi,Doyle,Other,56,2019-02-07,5,Data Analyst,93993,
1099,Maria,Middleton,Female,53,2022-01-30,1,Project Manager,74057,
1100,Christopher,White,Female,32,2024-03-02,4,Software Engineer,111560,
1101,Kathryn,Simmons,Female,59,2020-07-12,5,HR Specialist,41003,
1102,Maurice,Terry,Male,51,2023-08-30,2,HR Specialist,64099,
1103,Rachel,Perez,Male,51,2023-07-12,3,Accountant,79692,
1104,Julie,Howard,Female,38,2020-03-08,1,System Admin,32540,
1105,David,Spears,Male,44,2022-02-14,2,Sales Executive,115426,1032.0
1106,Whitney,Navarro,Male,34,2022-11-17,1,Software Engineer,61266,
1107,Darlene,Rivers,Other,29,2020-05-25,5,Data Analyst,90952,
1108,Matthew,Martinez,Female,32,2018-11-27,5,Sales Executive,51465,
1109,Melinda,Dyer,Male,59,2022-01-09,1,Technical Support,105470,
1110,Ryan,Weaver,Female,47,2018-08-01,2,Sales Executive,107607,
1111,Abigail,Mayer,Other,37,2022-06-22,1,Technical Support,119687,
1112,Michelle,Clayton,Male,58,2021-11-17,1,Accountant,99827,
1113,Donald,Rivera,Female,26,2021-08-28,5,Accountant,31658,
1114,Laura,Terry,Female,28,2019-01-09,4,Accountant,113307,
1115,Matthew,Leblanc,Female,31,2019-09-04,4,Software Engineer,98386,
1116,Jeremy,Smith,Female,56,2021-12-20,4,System Admin,87091,
1117,William,Casey,Other,39,2024-02-25,3,Data Analyst,41359,
1118,Joshua,Stewart,Female,37,2019-03-20,4,Project Manager,74092,1872.0
1119,Matthew,Simpson,Female,33,2020-11-28,4,Data Analyst,76507,
1120,Joshua,Richardson,Female,39,2019-05-30,5,Technical Support,102848,1971.0
1121,Tiffany,Fischer,Male,27,2022-02-07,2,Project Manager,94038,
1122,Richard,Carney,Male,52,2021-11-20,4,System Admin,32260,1227.0
1123,Michael,Contreras,Female,37,2020-07-02,3,Accountant,92031,
1124,Thomas,Robles,Female,49,2019-11-14,5,Accountant,76112,
1125,Alexander,Fleming,Female,41,2019-08-20,3,Data Analyst,45814,
1126,Katherine,Todd,Female,29,2020-03-16,5,Software Engineer,55105,
1127,Melissa,Ross,Female,39,2018-12-24,5,Technical Support,43176,
1128,Dawn,Li,Female,36,2018-11-14,3,Software Engineer,69618,1547.0
1129,Lisa,Mills,Male,39,2021-04-22,1,HR Specialist,102529,
1130,Justin,Gonzales,Male,53,2022-06-12,1,HR Specialist,105243,
1131,Pamela,Espinoza,Female,50,2022-06-07,3,Software Engineer,36734,
1132,Matthew,Higgins,Female,29,2018-08-04,1,Project Manager,94454,1645.0
1133,Shannon,Anderson,Other,25,2020-12-17,2,Software Engineer,103772,
1134,Lisa,Guzman,Male,37,2020-10-13,1,Project Manager,109471,
1135,Edward,Lindsey,Other,36,2020-01-02,5,Project Manager,89049,
1136,Stephanie,Robinson,Female,59,2024-04-22,4,Technical Support,104531,
1137,Erika,Deleon,Other,28,2019-11-07,2,Data Analyst,64687,
1138,Renee,Bradley,Male,37,2020-04-01,2,Sales Executive,50517,1462.0
1139,Stephanie,Scott,Other,60,2020-07-27,4,Technical Support,34278,
1140,Erica,Gardner,Other,40,2023-05-16,4,Sales Executive,60595,
1141,Jeremy,Mcknight,Other,59,2019-03-30,2,Project Manager,45043,
1142,Kathy,Stewart,Other,31,2020-11-03,3,Software Engineer,39359,1812.0
1143,Stephanie,Ward,Female,60,2023-05-28,5,Technical Support,87560,
1144,Veronica,Contreras,Other,41,2019-05-17,4,Technical Support,95597,
1145,Jonathan,Carlson,Female,27,2018-08-09,5,HR Specialist,86626,
1146,Margaret,Carter,Other,38,2021-02-04,1,Sales Executive,60005,
1147,Daniel,Meyers,Other,59,2023-01-05,1,Technical Support,105529,1775.0
1148,Michael,Cook,Male,52,2020-11-09,5,System Admin,66458,
1149,John,Foley,Other,49,2020-04-21,4,Sales Executive,91605,
1150,Kyle,Cherry,Female,42,2019-01-04,1,Software Engineer,73228,
1151,Daniel,Meyer,Female,40,2020-04-22,4,HR Specialist,89614,1259.0
1152,Elizabeth,Valdez,Female,29,2021-10-20,4,HR Specialist,116200,
1153,Joseph,Briggs,Female,48,2023-06-05,1,Data Analyst,97952,
1154,Wanda,Moss,Female,50,2020-01-01,1,Data Analyst,65003,
1155,Brett,Levine,Female,50,2019-06-01,4,Sales Executive,33783,
1156,Tiffany,Rosales,Other,37,2022-04-24,2,Technical Support,102199,1418.0
1157,Ronald,Hartman,Male,36,2018-07-14,1,System Admin,45396,
1158,Molly,Williams,Male,53,2018-09-14,3,Technical Support,84459,
1159,Virginia,Wagner,Female,37,2019-04-03,4,Software Engineer,80277,
1160,John,Hickman,Other,54,2021-05-05,2,Sales Executive,66208,
1161,Tiffany,Marshall,Female,43,2019-07-29,5,Technical Support,30336,
1162,Robert,Salinas,Female,59,2023-05-02,5,System Admin,49476,
1163,Amber,Swanson,Female,44,2020-02-14,3,Project Manager,89682,
1164,Duane,Lowe,Male,37,2020-12-15,5,Project Manager,60613,
1165,Holly,Robinson,Female,24,2019-07-04,3,System Admin,79968,
1166,Cesar,Davis,Other,31,2020-09-18,4,HR Specialist,46547,
1167,Mark,Brown,Other,43,2024-06-23,1,System Admin,43069,
1168,Jared,Goodwin,Female,22,2023-08-28,2,Project Manager,115823,
1169,Brandy,Wang,Male,52,2023-03-30,3,Accountant,111691,
1170,Jacob,Cook,Other,27,2019-11-10,3,Project Manager,71505,
1171,Michael,Ramos,Female,56,2021-07-14,1,Sales Executive,60771,
1172,William,Williams,Female,36,2023-10-12,1,Project Manager,42903,
1173,Eric,Peters,Other,28,2019-08-22,4,Software Engineer,69251,
1174,Susan,Harris,Male,42,2024-03-05,1,Technical Support,76984,
1175,Aaron,Thomas,Male,37,2021-12-25,5,Project Manager,104177,
1176,Samantha,Costa,Male,32,2024-03-08,2,Sales Executive,109887,
1177,Leslie,Chen,Other,37,2020-07-18,4,Software Engineer,60433,
1178,Andrew,Williams,Female,51,2019-01-28,3,HR Specialist,90981,
1179,Craig,Roberts,Other,56,2023-09-09,2,Sales Executive,87898,
1180,Brenda,Vargas,Other,41,2018-09-16,4,Technical Support,89878,
1181,Ashley,Black,Male,46,2018-07-28,4,Sales Executive,61091,
1182,Rebekah,Walters,Female,58,2020-01-29,3,Technical Support,32875,
1183,Jason,Martinez,Other,47,2024-03-27,3,HR Specialist,104177,
1184,Crystal,Evans,Other,25,2023-02-26,5,System Admin,67512,
1185,Jessica,Hobbs,Male,60,2022-11-19,3,Data Analyst,113442,
1186,Bobby,Knapp,Female,30,2021-05-09,1,HR Specialist,70492,
1187,Maria,Green,Male,59,2022-07-27,3,Software Engineer,41813,
1188,Luis,Walker,Female,48,2022-05-25,2,Data Analyst,47322,
1189,Sierra,Garcia,Female,55,2022-04-20,5,Technical Support,51567,
1190,Mark,Carlson,Female,40,2021-03-30,3,Sales Executive,91385,
1191,Michael,Wheeler,Male,36,2020-09-02,4,Accountant,41836,
1192,Jason,Evans,Male,38,2024-03-21,5,Sales Executive,89609,
1193,Nancy,Sanchez,Other,38,2022-01-20,5,Project Manager,113695,
1194,Walter,King,Male,36,2021-07-05,4,HR Specialist,111205,
1195,Shannon,Thompson,Other,42,2021-12-07,5,Data Analyst,114889,1844.0
1196,Troy,Davis,Female,41,2020-07-22,4,Sales Executive,48320,1039.0
1197,Lisa,Matthews,Female,53,2021-11-19,1,Sales Executive,60775,
1198,Christopher,Gill,Male,46,2019-08-02,4,Accountant,117881,
1199,Eric,Roberts,Other,56,2019-01-05,4,Software Engineer,84379,
1200,Lauren,Phillips,Female,48,2019-12-07,3,HR Specialist,78566,
1201,Harold,Rogers,Female,37,2022-01-16,3,Sales Executive,119873,
1202,Rachel,Murray,Other,44,2022-05-15,1,Project Manager,66160,
1203,David,Johnson,Male,51,2019-07-22,1,Data Analyst,114109,
1204,Carolyn,Blevins,Male,25,2020-03-12,3,Data Analyst,46505,
1205,Shelby,Byrd,Male,26,2024-02-15,5,Data Analyst,106858,
1206,John,Figueroa,Male,43,2022-04-15,2,HR Specialist,66342,
1207,Michael,Moore,Male,30,2021-12-20,5,Technical Support,52871,
1208,Colleen,Smith,Male,30,2019-12-10,1,Accountant,61186,
1209,Tara,Clark,Male,33,2018-07-16,3,HR Specialist,46614,
1210,Danielle,Knapp,Other,29,2021-03-05,1,System Admin,88756,
1211,Karen,Fowler,Other,59,2020-12-05,1,System Admin,96039,
1212,Joshua,Medina,Other,24,2021-08-16,5,Technical Support,90036,
1213,Christopher,Everett,Male,25,2021-06-07,4,Project Manager,85872,
1214,Ryan,Marquez,Female,50,2021-11-13,1,Sales Executive,72219,
1215,Kyle,Sanders,Male,30,2019-05-19,3,Accountant,79925,
1216,Kathryn,Robinson,Other,40,2022-05-25,4,Project Manager,42999,
1217,Daniel,Ellis,Male,57,2020-08-19,2,Project Manager,89186,
1218,Teresa,Costa,Female,43,2022-04-08,4,Project Manager,84524,
1219,Brian,Hall,Female,49,2021-03-05,3,Technical Support,79060,
1220,Tammy,Thomas,Other,52,2019-07-31,1,Sales Executive,41188,1099.0
1221,Rebecca,Garcia,Other,45,2019-01-31,2,HR Specialist,106869,
1222,Amber,Williams,Other,43,2024-01-01,1,Project Manager,76346,
1223,Stephanie,Brown,Female,25,2020-03-25,3,Technical Support,76090,
1224,Connie,Martinez,Other,35,2019-01-27,2,System Admin,59392,
1225,Deanna,Johnson,Female,57,2023-08-09,3,Sales Executive,66512,
1226,James,Chavez,Female,57,2022-06-25,5,HR Specialist,109822,
1227,Catherine,Sullivan,Other,39,2021-05-04,1,Software Engineer,65818,
1228,Diana,Harrell,Female,43,2023-05-09,3,HR Specialist,53777,
1229,Jessica,Schmidt,Other,47,2023-12-26,1,Software Engineer,112991,
1230,Kelly,Christensen,Male,55,2021-05-05,2,Project Manager,85028,
1231,Henry,Edwards,Male,45,2022-04-13,3,Accountant,104395,
1232,Peter,Smith,Male,31,2021-06-11,2,HR Specialist,118338,1454.0
1233,Maurice,Ramirez,Other,49,2021-11-09,4,System Admin,84287,
1234,Marcus,Walker,Other,29,2024-05-01,3,Project Manager,44534,
1235,Melinda,Hinton,Other,59,2024-05-23,4,Technical Support,35952,
1236,Ryan,Jackson,Other,25,2018-08-07,1,Data Analyst,69507,
1237,Krystal,Robinson,Male,38,2018-12-24,3,Accountant,45726,1765.0
1238,Christopher,Leonard,Female,33,2022-06-11,2,Project Manager,99806,
1239,Alexander,Lopez,Other,57,2020-02-22,3,Sales Executive,82044,
1240,James,May,Male,49,2020-03-23,1,System Admin,40205,
1241,Raymond,Torres,Other,49,2019-06-07,5,Project Manager,113904,
1242,Katherine,Sanford,Male,47,2022-05-14,1,Accountant,52527,
1243,Robert,Armstrong,Other,51,2023-04-02,3,Sales Executive,87240,
1244,Brittany,Smith,Male,49,2021-02-18,5,Project Manager,98676,1892.0
1245,Chad,Jordan,Female,43,2019-10-02,2,Accountant,52037,1649.0
1246,Evan,Barton,Male,55,2019-04-15,5,Data Analyst,75793,
1247,Andrew,Ramirez,Other,31,2022-12-25,2,Sales Executive,49194,
1248,Melanie,Edwards,Male,60,2020-03-21,2,Sales Executive,53218,
1249,Harry,Haney,Other,53,2020-08-04,4,System Admin,119277,
1250,Amy,Moreno,Other,42,2022-03-13,3,Software Engineer,87640,1453.0
1251,Jeremy,Phillips,Other,41,2021-07-27,3,HR Specialist,76129,
1252,Robert,Weaver,Female,51,2020-10-06,4,HR Specialist,37456,
1253,Stacey,Gonzalez,Female,26,2019-03-17,1,Project Manager,90648,
1254,Harry,Stafford,Other,24,2024-05-11,4,Data Analyst,72143,
1255,Robert,Schaefer,Other,31,2020-01-07,1,System Admin,43566,
1256,Richard,Caldwell,Female,27,2023-10-31,5,Software Engineer,35130,
1257,Tammy,Irwin,Female,50,2024-01-21,5,Software Engineer,77696,
1258,Dennis,Mendoza,Female,46,2021-10-08,4,Accountant,118984,
1259,Steven,Lin,Other,43,2022-03-12,1,Accountant,42387,
1260,Martin,Lambert,Female,40,2021-01-13,3,Software Engineer,73694,1680.0
1261,Shelby,Mcdowell,Male,44,2020-06-06,3,Project Manager,46901,
1262,Seth,Garrison,Male,41,2019-10-12,5,Project Manager,114343,
1263,Bryce,Hernandez,Male,55,2022-04-16,1,Project Manager,96648,
1264,Frederick,Martin,Female,41,2024-03-26,2,Data Analyst,74791,
1265,Zachary,Cardenas,Female,34,2023-08-15,2,Software Engineer,50308,1865.0
1266,Felicia,Burns,Male,54,2023-03-31,5,HR Specialist,116760,
1267,Cody,Ryan,Other,30,2022-10-03,5,Project Manager,50218,
1268,Lindsey,Ibarra,Other,32,2022-12-15,4,HR Specialist,83852,
1269,Richard,Gentry,Other,37,2019-09-26,4,Technical Support,88841,
1270,John,Black,Male,41,2022-05-01,4,Data Analyst,78213,
1271,Kayla,Evans,Other,50,2022-07-21,4,Technical Support,80052,
1272,Janet,Blackburn,Female,32,2022-09-13,2,Software Engineer,62768,1493.0
1273,Sherri,Kirby,Female,57,2020-03-09,1,Sales Executive,67363,1165.0
1274,Colleen,Jones,Female,50,2021-08-15,5,Software Engineer,87340,1933.0
1275,Jennifer,Brown,Male,50,2020-02-12,3,HR Specialist,84381,1515.0
1276,Julie,Mcdowell,Female,37,2022-11-22,4,Sales Executive,79140,
1277,John,Mckenzie,Female,28,2020-04-24,3,Software Engineer,48035,1940.0
1278,Dakota,Allen,Female,30,2023-12-16,4,System Admin,110654,1082.0
1279,Cynthia,Phillips,Male,38,2021-03-07,2,Software Engineer,101932,
1280,Sean,Caldwell,Other,55,2022-05-20,4,Sales Executive,67762,
1281,John,Johnson,Male,25,2023-12-15,2,Project Manager,113748,
1282,Mary,Lucas,Female,26,2024-02-20,1,System Admin,108215,
1283,William,Carter,Other,54,2019-06-04,5,Data Analyst,48818,
1284,Lauren,Branch,Male,44,2018-08-24,2,Project Manager,54551,
1285,Sharon,Crawford,Male,55,2022-11-19,3,Sales Executive,98951,
1286,David,Walsh,Other,57,2021-10-07,1,Project Manager,91621,1397.0
1287,Sabrina,Williams,Female,38,2024-04-24,1,Accountant,38855,
1288,Kevin,Miles,Other,28,2022-05-08,5,Accountant,47486,1560.0
1289,Heather,Ware,Female,33,2024-06-18,4,System Admin,112802,
1290,Michael,Bernard,Male,26,2019-09-12,4,HR Specialist,68462,
1291,Juan,Miller,Male,24,2023-01-24,3,Technical Support,97552,
1292,Marilyn,Young,Other,52,2020-01-22,3,HR Specialist,114790,
1293,Martin,Gregory,Female,25,2021-11-28,3,Technical Support,46315,
1294,Tiffany,Garza,Female,47,2019-02-27,4,Project Manager,74438,
1295,Richard,Walker,Female,53,2019-10-09,3,Technical Support,40828,
1296,Jessica,Dixon,Male,49,2020-10-31,5,Software Engineer,101496,
1297,James,Griffin,Male,27,2021-03-08,3,Technical Support,70173,
1298,Daisy,Fisher,Other,49,2021-01-27,2,System Admin,76077,
1299,John,Campbell,Other,44,2019-05-10,5,Project Manager,65986,
1300,David,Graham,Male,26,2020-06-20,4,Accountant,97251,
1301,Candace,Avila,Other,32,2021-12-08,1,Software Engineer,109635,
1302,Jonathan,Davis,Female,24,2022-05-29,2,Sales Executive,60932,
1303,April,Carlson,Female,45,2023-01-21,4,HR Specialist,109310,
1304,Michael,Gaines,Female,45,2022-01-10,3,System Admin,40077,
1305,Anthony,Murphy,Other,45,2019-06-30,4,Accountant,115139,
1306,Jonathan,Gallagher,Male,23,2023-07-11,2,System Admin,97861,
1307,Anthony,Smith,Other,29,2019-07-03,3,Technical Support,88493,
1308,Joy,Williams,Other,40,2020-03-08,4,Data Analyst,46074,
1309,Timothy,Garcia,Male,50,2023-11-05,2,System Admin,41506,
1310,Jonathan,Rhodes,Female,44,2021-07-01,1,Technical Support,69315,
1311,Keith,Fisher,Other,33,2023-04-26,3,Data Analyst,45907,
1312,Erin,Hicks,Male,37,2024-05-16,4,HR Specialist,77303,
1313,Scott,Porter,Female,51,2020-02-26,5,Software Engineer,110209,
1314,Megan,Vazquez,Male,41,2018-12-11,4,System Admin,98903,
1315,William,Kirby,Female,58,2019-04-25,1,Software Engineer,71553,
1316,Eric,Cross,Female,51,2023-08-31,5,Accountant,46821,
1317,Chad,Hamilton,Other,59,2019-12-18,2,Software Engineer,86704,
1318,Leah,Jones,Male,29,2021-06-22,5,Software Engineer,69862,
1319,Megan,Allen,Female,36,2019-08-16,3,Technical Support,40336,
1320,Tiffany,Hernandez,Other,57,2022-05-10,3,Software Engineer,111922,
1321,Cindy,Hawkins,Other,27,2018-07-18,5,Software Engineer,107569,
1322,Dawn,Hill,Male,32,2021-11-28,5,Accountant,103874,1885.0
1323,Benjamin,Williams,Male,27,2024-05-17,1,Technical Support,115344,
1324,Christopher,Edwards,Other,48,2023-11-24,5,HR Specialist,95278,
1325,Joseph,Howard,Other,40,2019-02-19,3,System Admin,62096,
1326,Timothy,Diaz,Other,47,2022-09-08,3,System Admin,39564,
1327,Kevin,Thompson,Male,50,2024-06-03,4,System Admin,90875,
1328,Devin,Green,Other,31,2019-02-05,3,Accountant,75268,
1329,Jacob,Mills,Male,45,2019-11-23,5,Sales Executive,71827,
1330,Sierra,Young,Male,39,2020-12-03,4,Data Analyst,48465,1298.0
1331,Tamara,Robinson,Female,48,2024-02-04,2,Software Engineer,72917,
1332,Robert,Brown,Other,42,2019-08-13,2,Software Engineer,95308,
1333,Kimberly,Anderson,Female,53,2018-08-04,3,System Admin,33037,1403.0
1334,Julie,Wilcox,Other,51,2024-05-10,2,Data Analyst,106460,
1335,Brittney,Thomas,Male,40,2020-04-23,4,System Admin,67453,
1336,Robert,Zhang,Male,49,2020-10-27,2,Technical Support,77943,
1337,Steve,Lee,Female,24,2019-06-18,4,HR Specialist,104747,
1338,Cynthia,Gonzalez,Female,57,2018-12-11,3,Sales Executive,80639,
1339,Monica,Stone,Other,39,2022-11-28,5,Sales Executive,46864,
1340,Walter,Wagner,Female,45,2019-03-03,3,Accountant,48909,
1341,William,Martinez,Other,47,2021-08-05,5,HR Specialist,35938,1731.0
1342,Alec,Baker,Female,52,2021-06-25,5,System Admin,49521,
1343,Manuel,Wagner,Other,30,2020-11-16,3,Accountant,51299,
1344,John,Fisher,Other,41,2021-06-20,5,Accountant,96494,
1345,James,Cardenas,Other,53,2023-12-24,5,Technical Support,92245,
1346,Elizabeth,Johnson,Female,43,2019-08-28,1,Project Manager,106507,
1347,Desiree,Smith,Other,23,2021-05-07,5,System Admin,64803,
1348,James,Greene,Other,58,2020-09-20,2,HR Specialist,106483,
1349,James,Bradley,Other,46,2020-02-21,2,Data Analyst,34138,
1350,Michelle,Barton,Other,29,2018-11-01,2,HR Specialist,87807,
1351,Alexander,Smith,Male,48,2020-04-30,2,Project Manager,95774,
1352,Danielle,Duran,Female,25,2021-09-06,2,Data Analyst,103516,
1353,Dennis,Moore,Other,52,2020-05-31,5,Project Manager,71124,
1354,Robert,Brown,Female,56,2022-11-15,3,Accountant,118587,
1355,Carlos,Jones,Other,38,2019-08-02,5,System Admin,55200,
1356,Andrea,Hernandez,Female,57,2022-12-16,3,Data Analyst,69008,
1357,Jennifer,Floyd,Other,35,2022-09-08,4,Accountant,92888,
1358,Nancy,Jones,Other,39,2022-10-16,3,Sales Executive,105166,
1359,Pamela,Daniel,Female,47,2022-11-09,3,Software Engineer,68070,1979.0
1360,Alicia,Drake,Other,27,2018-08-02,3,System Admin,115979,
1361,Michelle,Hendrix,Female,35,2022-09-08,2,Technical Support,103664,
1362,Vincent,Bauer,Male,28,2024-05-16,5,Data Analyst,61779,1927.0
1363,Sara,Jones,Other,36,2023-12-17,2,HR Specialist,43133,
1364,Barbara,Higgins,Other,52,2019-02-27,1,Software Engineer,30679,
1365,Tyrone,Smith,Male,48,2019-05-03,4,System Admin,115267,
1366,Alyssa,Aguilar,Female,42,2022-09-23,3,HR Specialist,41725,
1367,Jesse,Barry,Male,56,2022-11-03,1,Software Engineer,84773,
1368,Jimmy,Dalton,Male,24,2021-01-31,4,System Admin,54420,
1369,David,Andrews,Female,24,2020-03-29,1,Technical Support,104443,
1370,Linda,Rodriguez,Female,40,2022-03-10,4,System Admin,47589,
1371,Kimberly,Wilson,Female,39,2022-12-06,2,Sales Executive,73343,
1372,Angela,Evans,Female,38,2024-05-03,2,HR Specialist,74185,
1373,John,Duran,Other,34,2019-03-15,2,Project Manager,86059,
1374,Darrell,Lee,Male,47,2023-08-20,1,Software Engineer,48430,
1375,Shawn,Martinez,Male,22,2020-09-25,3,Project Manager,60870,
1376,Anthony,Martin,Female,43,2022-02-16,3,HR Specialist,64282,
1377,Douglas,Allison,Other,37,2024-05-05,1,Sales Executive,91000,
1378,Shannon,James,Female,54,2020-05-26,3,Sales Executive,113717,
1379,Emma,Owen,Female,45,2019-01-15,5,Data Analyst,58721,
1380,Karen,Reed,Female,31,2021-09-08,4,Accountant,84505,
1381,Derek,Hodge,Female,56,2020-07-05,2,Data Analyst,119173,
1382,Gregory,Carter,Male,55,2023-03-30,4,Accountant,40237,
1383,Bonnie,Harvey,Male,25,2019-06-07,5,Data Analyst,105065,
1384,Nicholas,Garrison,Male,42,2024-05-09,5,System Admin,45235,
1385,Jason,Garcia,Other,59,2024-05-22,4,Sales Executive,96895,
1386,Michelle,Farmer,Male,51,2021-10-06,2,Project Manager,89873,
1387,Gregory,Thompson,Other,51,2020-02-26,3,HR Specialist,81897,
1388,Kimberly,Conway,Male,35,2019-06-23,5,Sales Executive,35936,
1389,Melissa,Manning,Other,26,2024-01-28,5,HR Specialist,39046,
1390,Pedro,Flynn,Female,24,2018-08-31,3,Project Manager,53590,
1391,Elizabeth,Donaldson,Other,48,2020-08-23,3,Project Manager,88790,
1392,Tom,White,Female,46,2024-03-21,1,Software Engineer,115660,
1393,Faith,Santos,Male,33,2020-03-28,5,Project Manager,99316,
1394,Richard,Hart,Male,22,2022-04-04,1,Technical Support,90686,
1395,Walter,Gomez,Other,49,2018-08-22,5,Project Manager,60102,
1396,Diane,Martin,Female,31,2022-12-04,3,Data Analyst,44790,1677.0
1397,Michael,Henry,Female,23,2021-06-07,2,Data Analyst,38819,
1398,Paul,Lawrence,Male,50,2018-08-13,5,HR Specialist,62077,
1399,Rita,Johnson,Female,50,2019-02-26,2,Data Analyst,37398,
1400,Claire,Rodriguez,Female,36,2023-11-11,5,Accountant,105690,
1401,Jonathan,Price,Other,42,2021-08-03,2,Technical Support,48777,
1402,Christopher,Johnson,Other,36,2019-10-29,4,Technical Support,66064,1972.0
1403,Lauren,Hendrix,Other,33,2024-04-21,4,System Admin,36145,
1404,Alexander,Johnson,Other,46,2021-11-02,5,Accountant,84568,
1405,Shaun,Brooks,Female,46,2021-07-09,2,System Admin,61584,
1406,Edward,Good,Female,31,2022-05-11,4,HR Specialist,103713,
1407,Melissa,Andrade,Female,57,2022-09-23,5,Software Engineer,80910,
1408,Paul,Huff,Male,43,2019-02-10,1,System Admin,78637,1742.0
1409,Gregory,Acosta,Male,25,2021-02-20,3,Project Manager,118299,
1410,Katherine,Mcknight,Male,26,2024-06-13,2,Data Analyst,92835,
1411,Timothy,Sullivan,Female,41,2020-02-01,1,Data Analyst,54906,
1412,Jorge,Davis,Male,52,2020-12-07,2,Data Analyst,81987,
1413,Leroy,Kane,Other,42,2019-06-11,3,Project Manager,91112,
1414,Ashley,Sexton,Female,41,2024-07-03,3,Accountant,97215,
1415,Christopher,Torres,Female,28,2021-10-17,4,Accountant,56624,
1416,Jacqueline,Johnson,Female,24,2022-01-20,5,Data Analyst,49126,1567.0
1417,Susan,Martinez,Other,59,2023-06-05,4,Technical Support,49976,
1418,Jennifer,Gutierrez,Male,46,2023-12-27,5,Data Analyst,95444,
1419,Steven,Pruitt,Other,43,2022-11-06,3,System Admin,114108,
1420,Cheryl,Pittman,Female,32,2022-11-18,3,Software Engineer,48344,
1421,Thomas,Smith,Female,33,2021-06-04,5,HR Specialist,98674,1868.0
1422,David,Edwards,Male,25,2020-02-03,1,Project Manager,48021,
1423,Ryan,Mccann,Male,26,2019-04-01,2,HR Specialist,58668,
1424,Dylan,Cantu,Female,25,2020-11-02,5,System Admin,116413,
1425,Erik,Wall,Male,56,2018-07-24,5,Project Manager,31553,1740.0
1426,Tammy,Larson,Female,56,2020-01-07,3,HR Specialist,95826,
1427,Steven,Lee,Other,49,2020-11-30,2,Sales Executive,42624,
1428,Cynthia,Stevenson,Male,34,2018-11-16,5,Technical Support,76457,
1429,Amy,Hughes,Female,27,2022-02-12,3,Project Manager,90161,
1430,Catherine,Webster,Other,36,2019-06-17,3,Sales Executive,115686,
1431,David,Harrison,Other,24,2021-06-23,1,Project Manager,79710,
1432,Phillip,English,Female,25,2019-09-12,1,Software Engineer,40837,
1433,Alexandra,Davis,Female,43,2023-03-07,5,Sales Executive,99226,
1434,Denise,Stevenson,Male,35,2020-06-15,5,System Admin,65532,1077.0
1435,Joshua,Mcconnell,Other,39,2022-09-07,5,HR Specialist,53508,
1436,Max,Smith,Female,23,2019-12-04,2,Software Engineer,82205,
1437,Shawn,Vasquez,Female,32,2021-12-24,5,Data Analyst,104277,
1438,Amber,Carr,Female,56,2023-05-29,3,Project Manager,48343,
1439,Paul,Thomas,Other,27,2021-02-21,5,Accountant,37038,1238.0
1440,Kathleen,Best,Male,43,2023-11-07,5,Project Manager,72778,1280.0
1441,Sonia,Carlson,Female,53,2024-01-27,2,Accountant,102487,
1442,Mark,Abbott,Female,33,2023-05-21,5,Project Manager,41232,
1443,Erin,Lewis,Female,37,2023-06-08,1,Sales Executive,65123,
1444,Miguel,Cooper,Other,31,2020-12-26,4,Accountant,77277,
1445,Gerald,Ray,Male,41,2021-02-23,4,Accountant,65358,
1446,Chad,Harrell,Male,33,2019-12-12,4,System Admin,103005,
1447,Thomas,Carter,Female,28,2022-05-20,1,Sales Executive,76388,
1448,Tonya,Cobb,Other,60,2019-07-02,3,Project Manager,31617,
1449,Corey,Fields,Female,27,2024-06-19,5,Data Analyst,104967,
1450,Jennifer,Heath,Other,46,2023-01-04,2,Software Engineer,65247,
1451,Robert,Martin,Female,31,2019-10-16,1,Software Engineer,86973,
1452,Jeremy,Smith,Female,52,2020-01-27,1,Accountant,62990,
1453,Christopher,Smith,Other,53,2020-03-02,5,Data Analyst,90012,
1454,Tami,Osborn,Female,22,2018-10-23,4,Accountant,111289,
1455,Chelsey,Smith,Female,50,2021-05-30,3,Project Manager,115332,
1456,Holly,Lane,Male,41,2020-12-19,3,Data Analyst,92784,
1457,Jill,Silva,Female,42,2021-06-06,3,System Admin,105481,
1458,Michelle,Strong,Female,46,2022-04-01,3,Project Manager,77843,
1459,Thomas,Barton,Other,34,2022-03-11,5,Software Engineer,119353,
1460,Benjamin,Williamson,Male,51,2019-01-15,2,System Admin,68185,
1461,Joseph,Johnson,Male,48,2023-08-04,4,Software Engineer,113012,
1462,Travis,Jackson,Female,31,2020-03-14,4,Project Manager,39694,
1463,Aaron,Nguyen,Other,52,2019-02-20,5,Project Manager,100040,
1464,Olivia,Gonzalez,Other,48,2019-05-14,5,HR Specialist,77124,
1465,Kim,Castillo,Other,60,2020-03-09,1,Sales Executive,62536,
1466,Catherine,Powell,Female,32,2018-09-11,5,HR Specialist,103822,
1467,Anne,Cummings,Other,47,2021-03-07,3,Project Manager,43886,1265.0
1468,Billy,Ruiz,Male,54,2020-02-18,5,Data Analyst,88429,
1469,Philip,Meyer,Female,59,2024-02-13,5,Software Engineer,75215,
1470,Kristi,York,Female,28,2023-10-09,3,Project Manager,41253,
1471,Gregory,Carter,Other,31,2019-06-07,3,Technical Support,74966,
1472,Leslie,Garcia,Male,55,2021-12-31,4,Accountant,92411,1740.0
1473,Alan,Schmitt,Other,50,2019-01-08,3,Sales Executive,69356,1728.0
1474,Vincent,Ramirez,Male,23,2022-01-31,3,Sales Executive,118754,
1475,Nicholas,Watson,Other,37,2023-05-02,5,Software Engineer,102339,
1476,Todd,Garcia,Other,49,2024-05-07,4,Data Analyst,83090,
1477,Monica,Wallace,Male,49,2021-02-27,4,HR Specialist,110492,
1478,James,Preston,Female,59,2020-03-07,4,Project Manager,30583,
1479,Ellen,Thomas,Male,39,2024-01-29,1,Sales Executive,100371,
1480,Robin,Castillo,Female,34,2024-01-11,4,Sales Executive,64387,
1481,Mark,Brown,Female,55,2022-01-22,3,Project Manager,110125,
1482,Julie,Reyes,Male,44,2024-05-28,3,System Admin,110918,
1483,Jaime,Glover,Other,41,2022-12-05,5,Sales Executive,118094,
1484,Matthew,Mckee,Male,37,2019-04-16,3,Sales Executive,53992,
1485,Alice,Mcdonald,Male,54,2020-12-14,4,Project Manager,108174,
1486,Matthew,Lee,Female,49,2023-10-30,2,System Admin,113296,
1487,Kelly,Webb,Other,33,2021-07-02,5,Software Engineer,94178,
1488,Gabriel,Green,Male,42,2018-11-27,4,HR Specialist,77059,
1489,Brandon,Lloyd,Female,30,2018-08-17,2,Project Manager,103607,
1490,Monica,Brooks,Female,48,2021-02-10,4,Project Manager,88176,
1491,Eric,Graham,Male,58,2020-07-01,1,Data Analyst,68284,1231.0
1492,Evan,Allen,Other,40,2022-01-11,2,System Admin,104140,
1493,Felicia,Edwards,Female,57,2019-04-21,5,Sales Executive,105066,
1494,Robyn,Gomez,Other,45,2022-04-06,5,HR Specialist,87850,
1495,Tracy,Moore,Female,28,2023-02-27,2,Technical Support,34224,
1496,Cindy,Tran,Female,27,2018-10-28,4,Sales Executive,61056,
1497,Michael,Cooper,Other,59,2022-02-22,3,Project Manager,51755,
1498,Gabriel,Allen,Male,35,2021-04-07,1,Accountant,99767,
1499,Nicole,Daniels,Other,32,2018-09-05,3,Technical Support,67923,
1500,Joseph,Andrews,Other,28,2021-03-31,2,Project Manager,37770,
1501,Dennis,Michael,Other,30,2021-12-06,2,Data Analyst,49168,
1502,Scott,Brown,Male,47,2019-03-05,4,Software Engineer,105684,
1503,Mackenzie,Wilson,Other,48,2021-02-08,4,System Admin,39898,
1504,Tyler,Foster,Male,47,2022-01-24,5,Technical Support,78374,
1505,Lynn,Miles,Female,42,2022-05-31,5,HR Specialist,42208,
1506,Christopher,Ray,Female,44,2022-08-28,1,Project Manager,58551,
1507,Brian,Mason,Male,53,2019-08-13,3,Accountant,67171,
1508,Garrett,Lowe,Other,30,2023-06-24,5,System Admin,75054,
1509,Amy,Wilcox,Male,24,2019-03-20,1,System Admin,32134,
1510,Anthony,Dixon,Male,50,2022-05-11,4,HR Specialist,86072,
1511,Marilyn,Gonzalez,Other,30,2021-04-01,3,Software Engineer,65916,1370.0
1512,Vanessa,Green,Female,27,2018-08-07,3,Software Engineer,36787,
1513,James,Young,Female,36,2023-08-27,4,Sales Executive,42475,1489.0
1514,Robert,Glass,Male,30,2023-06-12,5,Data Analyst,98084,
1515,James,Gonzalez,Male,22,2024-05-20,3,Sales Executive,85353,
1516,Rachel,Miller,Female,26,2023-11-08,2,Project Manager,41708,
1517,John,Jones,Male,28,2019-01-01,3,Accountant,69223,
1518,Dawn,Long,Male,31,2019-09-16,1,HR Specialist,109995,
1519,Tammy,Williams,Female,44,2022-06-16,2,Software Engineer,83963,
1520,Kaitlyn,Holland,Female,35,2023-08-22,1,Sales Executive,48351,
1521,Jonathan,Murphy,Other,46,2020-02-07,3,Project Manager,71222,
1522,Janet,Bernard,Male,39,2020-03-18,1,Data Analyst,102534,
1523,Kelsey,Davis,Other,60,2023-01-06,3,HR Specialist,116298,
1524,Kevin,Smith,Male,55,2022-12-21,5,Data Analyst,81347,
1525,Kristen,Owens,Male,37,2020-02-18,4,Project Manager,44777,
1526,Michael,Montoya,Other,60,2023-02-27,1,HR Specialist,77329,
1527,Nicholas,Jones,Male,46,2020-11-08,5,Project Manager,77895,
1528,Michael,Green,Male,52,2022-03-17,1,HR Specialist,106986,1269.0
1529,Ralph,Massey,Male,24,2022-05-20,1,Project Manager,96402,
1530,Kristen,Noble,Other,54,2022-09-28,4,Project Manager,82727,1550.0
1531,Justin,Kennedy,Other,31,2024-06-25,3,Sales Executive,70620,1944.0
1532,Daniel,Cline,Male,31,2022-12-18,5,Accountant,81213,
1533,James,Daniels,Other,26,2020-09-05,3,Project Manager,61278,1089.0
1534,Jenny,Hunter,Female,29,2023-05-12,4,HR Specialist,70539,
1535,Daryl,Potts,Other,33,2021-04-08,1,HR Specialist,47984,
1536,Suzanne,Ballard,Male,53,2023-06-05,3,Technical Support,51884,
1537,John,Lewis,Other,39,2020-02-07,1,HR Specialist,73910,
1538,Matthew,Barton,Female,55,2020-04-23,1,Technical Support,105582,
1539,Melanie,Ellis,Female,51,2020-12-31,5,Accountant,37266,
1540,Jessica,Dalton,Other,32,2019-05-05,3,Software Engineer,63438,
1541,Miguel,Garcia,Other,29,2020-05-18,2,HR Specialist,35772,
1542,Sandra,Williams,Male,37,2021-05-05,1,System Admin,77707,
1543,Jean,Clarke,Male,33,2021-06-15,1,Project Manager,59427,
1544,Kelly,Dunn,Female,42,2018-11-05,3,Sales Executive,104912,
1545,Lisa,Meyer,Other,25,2021-07-27,2,Data Analyst,97603,
1546,Joel,Robinson,Female,26,2019-10-15,4,Technical Support,70723,
1547,Jordan,Martinez,Other,51,2020-06-14,1,Accountant,56302,
1548,Lisa,Horne,Female,37,2022-01-10,4,Accountant,107554,
1549,Amy,Thompson,Male,56,2022-08-23,2,Software Engineer,30835,
1550,Renee,Chapman,Male,36,2020-09-09,5,Accountant,113354,
1551,Cheryl,Moreno,Male,43,2022-08-29,1,Project Manager,70306,
1552,Kenneth,Moody,Other,37,2021-06-04,4,System Admin,37850,
1553,Karl,Lynch,Male,39,2018-11-23,1,HR Specialist,60339,
1554,Hannah,Navarro,Other,48,2019-07-31,3,System Admin,41128,
1555,Misty,Simpson,Other,30,2019-03-26,4,Sales Executive,107580,
1556,Emily,Alexander,Female,30,2022-02-03,2,Technical Support,64208,
1557,Jonathan,Chung,Female,42,2022-12-14,3,System Admin,65645,
1558,Andrew,Torres,Male,30,2022-07-11,5,Sales Executive,50369,
1559,Deborah,Perry,Female,51,2023-11-16,3,Project Manager,45825,
1560,Karen,Lucas,Male,50,2020-04-24,3,System Admin,64735,
1561,Joseph,Berry,Male,32,2023-10-14,3,HR Specialist,58183,
1562,Donna,Dalton,Female,31,2022-04-27,1,Data Analyst,76627,
1563,Alexander,Campbell,Male,41,2021-09-11,3,Software Engineer,34073,
1564,Alexander,Branch,Female,57,2024-06-16,5,Data Analyst,42415,
1565,Mia,Lester,Male,29,2023-09-10,1,HR Specialist,59135,
1566,Crystal,Scott,Female,45,2024-06-26,1,Technical Support,39828,1067.0
1567,Carol,Solis,Male,50,2019-04-14,2,Sales Executive,73456,
1568,Courtney,Miranda,Female,25,2021-05-08,2,Project Manager,81773,
1569,Edward,Kidd,Female,49,2019-01-30,2,Accountant,58143,
1570,Daniel,Randall,Female,39,2023-03-31,4,Software Engineer,34541,
1571,Angel,Keller,Other,37,2024-05-08,3,System Admin,84000,
1572,David,White,Female,25,2019-05-23,1,Technical Support,80202,
1573,Cheryl,Lee,Male,55,2023-05-31,2,HR Specialist,80134,
1574,Jennifer,Miller,Female,52,2022-02-16,5,System Admin,75093,
1575,Amy,Wu,Other,42,2021-09-29,4,Technical Support,53568,1612.0
1576,Jason,Carpenter,Male,23,2024-05-22,3,HR Specialist,91824,
1577,Erica,Clark,Other,36,2021-01-08,2,Sales Executive,62487,
1578,Tanner,Smith,Female,56,2024-07-03,1,Data Analyst,105457,
1579,Cynthia,Christian,Female,44,2021-08-07,2,Software Engineer,61005,
1580,Cassandra,Johns,Other,44,2018-08-03,5,HR Specialist,76095,
1581,Adam,Mclaughlin,Other,31,2023-08-18,5,Data Analyst,94517,
1582,Danielle,Clark,Male,53,2022-06-05,1,Sales Executive,37362,
1583,Patricia,Brown,Male,23,2019-12-23,5,System Admin,30089,
1584,Gene,Johnson,Other,34,2019-11-01,2,Accountant,53260,
1585,Cathy,Johnson,Female,25,2022-01-29,1,Software Engineer,106888,
1586,Ernest,Nguyen,Male,29,2024-06-15,5,Accountant,39506,
1587,Johnathan,Kim,Other,47,2021-08-19,5,Sales Executive,74113,
1588,Wendy,Washington,Male,32,2021-09-28,4,System Admin,115089,
1589,Donna,Chambers,Other,57,2019-02-15,5,Accountant,59260,
1590,Aaron,Solomon,Male,46,2023-08-04,3,Technical Support,46691,
1591,Maria,Orozco,Male,58,2021-07-04,4,HR Specialist,53865,
1592,Elizabeth,Parks,Other,36,2021-09-10,5,Sales Executive,95035,
1593,Raymond,Hines,Other,26,2021-08-15,2,Accountant,71879,
1594,Gregory,Benitez,Male,43,2020-12-24,4,HR Specialist,64761,
1595,Mary,Evans,Other,26,2022-07-22,3,Technical Support,44160,
1596,Connie,Baker,Male,46,2022-10-31,4,Project Manager,51802,
1597,Sean,Richardson,Female,46,2021-05-29,3,Project Manager,43294,
1598,Maria,Weeks,Other,36,2018-07-20,2,System Admin,39661,
1599,Johnny,Mason,Male,40,2018-12-07,1,Accountant,64226,
1600,Jessica,Hernandez,Male,43,2022-05-14,2,Project Manager,51090,
1601,Kristen,Flores,Other,27,2022-03-03,3,System Admin,34062,
1602,Emma,Davis,Other,32,2023-12-30,5,Project Manager,50591,1340.0
1603,Mario,Franklin,Male,34,2022-07-17,4,Technical Support,116585,
1604,Karen,Miller,Male,28,2024-05-17,1,Project Manager,104943,
1605,Deanna,Patterson,Female,31,2020-11-30,1,Accountant,30500,
1606,Jay,Morris,Female,60,2023-06-29,4,Data Analyst,42712,1175.0
1607,Carla,Gonzalez,Other,40,2018-12-21,1,System Admin,45139,
1608,Sarah,Lopez,Female,52,2019-12-20,4,Technical Support,41945,
1609,Gerald,Richards,Female,33,2022-09-30,3,Project Manager,78418,
1610,Bradley,Johnson,Male,38,2019-11-27,4,System Admin,64524,
1611,Ryan,Martinez,Female,58,2021-03-11,1,Software Engineer,117486,1685.0
1612,Joshua,Howell,Female,56,2019-03-21,4,Data Analyst,102561,1397.0
1613,Jeffrey,Rasmussen,Other,48,2018-08-11,5,System Admin,105066,
1614,Jeremy,Hernandez,Female,41,2022-07-24,1,Project Manager,34551,
1615,Sandra,Larsen,Other,58,2020-07-10,5,Software Engineer,45765,
1616,Mary,Freeman,Female,33,2022-05-15,2,Data Analyst,55260,
1617,Zoe,Richardson,Female,27,2021-02-20,4,Data Analyst,112211,
1618,Sandra,Perkins,Other,38,2019-06-06,3,Sales Executive,41406,
1619,Margaret,Green,Female,57,2023-10-24,3,Technical Support,98116,
1620,Gregory,Nelson,Male,59,2020-12-09,5,Project Manager,44748,
1621,Cheryl,Murray,Male,58,2020-04-01,5,Sales Executive,43845,
1622,Aaron,Evans,Male,40,2019-03-15,5,Accountant,83856,
1623,Jacob,Davidson,Other,53,2021-04-12,5,System Admin,34910,
1624,David,Marks,Female,31,2024-04-27,5,Project Manager,35083,
1625,John,Hubbard,Female,37,2024-01-09,1,System Admin,65203,
1626,Joel,Johnson,Male,43,2022-10-02,3,Technical Support,66745,
1627,Seth,Dudley,Other,28,2022-03-11,2,Software Engineer,69384,
1628,Jonathan,Carey,Female,42,2020-08-07,3,Project Manager,109295,
1629,Daniel,Harrison,Male,50,2023-10-20,2,Project Manager,93499,
1630,Kristopher,Moreno,Female,25,2024-03-14,5,Software Engineer,38600,
1631,Theresa,Rivera,Other,47,2020-10-25,2,HR Specialist,52772,
1632,Scott,Romero,Male,25,2021-05-05,2,HR Specialist,89827,1370.0
1633,Dawn,Gutierrez,Other,34,2023-06-17,3,Accountant,90846,
1634,Corey,Benitez,Other,29,2019-12-17,1,Data Analyst,78819,
1635,Roberta,Shelton,Female,33,2018-08-01,4,Accountant,75121,
1636,Andrew,Williams,Female,27,2019-04-29,3,HR Specialist,80667,1875.0
1637,Elizabeth,Palmer,Other,35,2021-07-13,2,Data Analyst,118826,
1638,Debra,Dunlap,Other,48,2022-02-05,5,HR Specialist,119417,1934.0
1639,Alejandro,Gonzalez,Male,33,2023-11-16,5,HR Specialist,59329,
1640,Kevin,Bush,Female,39,2021-11-09,4,Project Manager,75706,
1641,Lisa,Lewis,Male,51,2023-11-25,3,Project Manager,106609,
1642,Hannah,Smith,Other,45,2021-09-27,5,Technical Support,69121,
1643,Steven,Franklin,Female,26,2021-02-19,3,Technical Support,113964,
1644,Kenneth,Martin,Female,38,2018-08-29,3,Data Analyst,49651,
1645,Lindsay,Howe,Male,25,2022-04-24,5,Project Manager,116577,
1646,Carol,Davis,Male,23,2020-01-22,4,Technical Support,64003,
1647,Robert,Hall,Female,46,2020-12-09,1,Data Analyst,74979,
1648,Jasmine,Green,Male,56,2024-03-16,4,Accountant,96494,
1649,Emily,Schmidt,Male,57,2024-05-04,2,Technical Support,42793,
1650,Lauren,Macias,Other,38,2021-08-04,5,Software Engineer,119091,
1651,Brianna,Johnson,Other,27,2018-12-17,2,Accountant,59272,
1652,Mary,Spears,Female,48,2019-08-10,3,Accountant,64152,
1653,Joseph,Hansen,Female,29,2022-07-13,4,HR Specialist,113151,
1654,Michelle,Delacruz,Other,26,2022-09-09,4,Data Analyst,95598,
1655,Daniel,Woods,Other,46,2019-01-13,5,Technical Support,84146,1875.0
1656,Isaac,Mcdonald,Male,30,2019-10-26,2,Accountant,83633,
1657,Suzanne,York,Female,31,2021-02-15,3,Software Engineer,40592,
1658,Diana,Thompson,Other,33,2020-03-09,3,HR Specialist,30617,
1659,Caitlyn,Willis,Male,32,2021-10-07,5,Software Engineer,94169,
1660,Christopher,Orr,Male,30,2023-07-11,5,Project Manager,113032,
1661,David,Williams,Female,52,2020-10-23,4,HR Specialist,34944,
1662,Erica,Gonzalez,Other,45,2021-08-07,1,Accountant,99603,
1663,Shelly,Perry,Other,22,2018-09-23,2,Data Analyst,75134,
1664,Lauren,Brady,Male,46,2020-07-04,5,Technical Support,51891,1047.0
1665,David,Riggs,Female,40,2022-09-11,4,Accountant,86841,
1666,Melissa,Turner,Male,43,2021-04-10,4,Accountant,54697,
1667,Michelle,Watkins,Female,23,2023-10-08,2,Data Analyst,47197,
1668,Erin,Garcia,Male,59,2022-10-18,5,Software Engineer,46143,
1669,Jose,Key,Other,24,2023-06-15,4,Technical Support,100088,
1670,Eric,Lane,Other,25,2019-02-05,1,HR Specialist,36322,
1671,James,Salas,Female,50,2023-12-12,4,Sales Executive,101733,
1672,Kristy,Cochran,Other,31,2021-06-22,2,HR Specialist,69467,
1673,Carmen,Yates,Male,55,2023-08-25,3,Software Engineer,84896,
1674,Robert,Kline,Male,54,2022-08-02,5,Sales Executive,67054,
1675,Jessica,Perkins,Male,53,2018-09-08,2,Data Analyst,64471,
1676,Gina,Smith,Male,44,2022-11-20,4,Technical Support,51020,1509.0
1677,David,Bailey,Male,52,2021-04-27,3,Data Analyst,30358,1092.0
1678,Willie,Shea,Male,58,2021-10-10,4,Software Engineer,41807,
1679,Robert,Shaffer,Male,28,2023-01-23,3,Data Analyst,89867,
1680,Chad,Martin,Female,38,2024-04-24,4,HR Specialist,43082,
1681,Kenneth,Morales,Male,40,2024-01-16,3,Accountant,85836,
1682,Mallory,Rodriguez,Male,24,2021-02-08,1,Software Engineer,116947,
1683,Yvette,Strickland,Female,44,2023-01-04,4,Technical Support,42183,
1684,Frederick,Dudley,Female,33,2021-05-18,1,Project Manager,82461,
1685,Marcus,Barnes,Female,46,2022-03-30,4,Project Manager,115045,
1686,Laura,Willis,Male,29,2021-10-09,2,HR Specialist,50892,
1687,Michelle,Griffith,Other,52,2018-10-22,5,System Admin,53758,
1688,Albert,Wiggins,Female,23,2022-09-04,2,System Admin,93979,
1689,Christopher,Burch,Female,50,2022-09-18,1,Sales Executive,64290,
1690,Debra,Stevens,Male,55,2022-12-12,5,Data Analyst,117797,
1691,Beth,Jones,Other,55,2023-06-01,5,Sales Executive,86734,
1692,James,Adams,Male,52,2020-05-20,3,Project Manager,49484,
1693,Cassandra,Anderson,Other,25,2023-05-01,1,Software Engineer,96265,
1694,Joanna,Collins,Female,32,2019-03-28,1,System Admin,72026,
1695,James,Ochoa,Female,25,2020-12-03,5,Data Analyst,102154,
1696,Alan,Fernandez,Female,37,2020-09-28,1,System Admin,88220,
1697,Matthew,Beard,Female,27,2023-07-23,4,System Admin,71426,
1698,Brandon,Hernandez,Female,23,2018-09-05,1,Project Manager,84046,1563.0
1699,Megan,Warren,Male,27,2021-04-12,5,Technical Support,96628,
1700,Felicia,Castillo,Other,51,2020-11-03,3,Accountant,37113,
1701,Connor,Kramer,Female,43,2020-06-05,5,System Admin,116136,
1702,Mike,Jackson,Female,29,2023-12-22,1,Data Analyst,30287,
1703,Tiffany,Rogers,Other,40,2021-03-11,5,Accountant,43935,1169.0
1704,Norma,Morales,Female,30,2018-07-18,4,Sales Executive,63330,
1705,Melissa,Barnes,Male,29,2019-05-27,4,Data Analyst,89905,
1706,John,Lin,Male,43,2019-08-08,1,Project Manager,36094,
1707,Brandon,Hernandez,Other,59,2019-10-02,1,System Admin,89950,
1708,Douglas,Baldwin,Other,30,2020-06-11,4,HR Specialist,99515,
1709,Brittany,Silva,Other,49,2020-12-15,5,System Admin,96628,
1710,Cynthia,Weaver,Male,59,2023-06-03,2,Software Engineer,43573,
1711,Christine,Brown,Other,60,2020-02-05,3,Project Manager,84875,
1712,Mary,Galvan,Other,37,2020-05-19,3,Project Manager,74939,
1713,Dustin,Barnes,Female,30,2020-01-05,2,Project Manager,108974,
1714,Craig,Moss,Other,54,2020-10-06,3,Accountant,102559,
1715,Jacqueline,Young,Male,35,2023-01-31,5,Technical Support,119995,
1716,Gail,Wood,Other,30,2023-10-13,2,Accountant,45126,
1717,Stephanie,Wood,Other,52,2021-07-18,5,Project Manager,118374,
1718,Brian,Brown,Other,40,2019-12-16,4,HR Specialist,98515,
1719,Christopher,Jordan,Female,31,2024-03-21,1,HR Specialist,56201,
1720,Jeanette,Crawford,Male,40,2022-03-10,3,Software Engineer,38130,
1721,Brian,Holt,Female,35,2023-04-24,5,HR Specialist,77013,
1722,Stephanie,Martinez,Male,57,2018-11-22,2,Project Manager,61142,
1723,Justin,Armstrong,Other,40,2023-09-17,1,Project Manager,80797,
1724,Kyle,Hernandez,Other,42,2019-07-20,5,HR Specialist,31699,
1725,Tony,Beck,Male,50,2021-03-07,2,Accountant,107120,
1726,Shawn,Stewart,Other,34,2023-03-10,2,Technical Support,88827,
1727,James,Williams,Other,26,2019-09-18,2,Software Engineer,97350,
1728,Jordan,Gomez,Male,49,2021-08-15,3,Technical Support,47048,
1729,David,Clarke,Female,22,2020-07-31,3,System Admin,50290,1951.0
1730,Mark,Yoder,Female,60,2021-04-13,1,Technical Support,94297,
1731,Jerry,Ruiz,Other,44,2019-08-28,1,Accountant,98864,
1732,Melissa,Moore,Male,55,2023-06-22,1,Software Engineer,84516,
1733,Katie,Gutierrez,Female,27,2021-07-05,3,Data Analyst,57964,
1734,Anthony,Gates,Female,45,2019-06-24,3,Data Analyst,111039,
1735,Samuel,Grant,Other,22,2021-08-14,1,Accountant,88414,
1736,Christopher,Haas,Other,37,2020-07-27,1,Accountant,79987,
1737,Ronald,Bryant,Male,46,2023-09-19,3,Technical Support,33238,
1738,Andrew,Smith,Female,54,2020-04-01,5,System Admin,93806,1920.0
1739,Kelly,Santana,Other,34,2022-12-29,3,Sales Executive,42577,
1740,Lauren,Moore,Other,56,2023-06-07,1,Sales Executive,57627,
1741,Amanda,Jackson,Male,49,2023-09-02,1,Data Analyst,100484,
1742,Molly,Rogers,Other,49,2019-11-19,1,Software Engineer,33113,
1743,Stacy,Johnson,Female,24,2023-11-26,1,Sales Executive,37113,
1744,Jennifer,Cook,Female,57,2020-08-02,1,Data Analyst,63901,
1745,Daniel,Griffith,Female,47,2020-06-18,4,Accountant,32213,
1746,Eric,Shields,Male,56,2023-01-31,1,Sales Executive,106756,1869.0
1747,Lauren,Allen,Male,44,2020-08-04,5,Sales Executive,67989,
1748,Kyle,Watts,Female,60,2021-05-31,1,Technical Support,87367,
1749,Kara,Moore,Other,23,2018-12-04,4,Software Engineer,99922,
1750,Douglas,Moore,Other,47,2020-05-22,5,Technical Support,113105,
1751,Kirk,Washington,Other,45,2023-07-06,1,Software Engineer,46152,1587.0
1752,Tina,Howard,Other,47,2022-07-22,5,Sales Executive,69936,
1753,Anthony,Campbell,Other,44,2021-05-29,2,Project Manager,114663,
1754,Kim,Kidd,Male,32,2018-12-05,2,Data Analyst,110856,
1755,Jennifer,Pierce,Male,29,2022-09-09,2,HR Specialist,101939,
1756,Danny,Foster,Other,26,2024-02-22,3,Sales Executive,62858,1744.0
1757,Karen,Dennis,Other,53,2020-06-24,3,Accountant,46805,
1758,Brooke,Ford,Male,28,2023-05-21,3,Sales Executive,55362,
1759,Paul,Rodriguez,Female,43,2018-12-15,5,Technical Support,106568,
1760,George,Adams,Other,45,2020-06-16,3,Project Manager,52103,1253.0
1761,Monica,Cruz,Male,49,2021-09-21,3,Accountant,47603,
1762,Thomas,Moore,Female,52,2020-12-28,4,System Admin,77020,
1763,Shelly,Acosta,Female,57,2020-10-29,1,Software Engineer,114613,
1764,Carolyn,Wright,Female,30,2020-11-29,5,Data Analyst,64502,
1765,Amy,Lee,Other,26,2021-04-26,1,HR Specialist,96476,
1766,Mark,Espinoza,Other,59,2023-11-19,4,Data Analyst,34804,
1767,Bryan,Gutierrez,Other,56,2023-11-01,4,Software Engineer,77948,
1768,Tonya,Scott,Other,40,2023-03-20,2,System Admin,95683,
1769,Mariah,Garcia,Female,45,2022-11-11,5,HR Specialist,116858,
1770,Shelby,Bass,Other,32,2019-01-08,5,Software Engineer,88487,
1771,Emily,Delacruz,Other,58,2020-11-13,2,System Admin,77028,1780.0
1772,Brandy,Haynes,Female,36,2024-02-19,1,Technical Support,78422,
1773,Nancy,Williamson,Other,35,2019-04-04,5,Accountant,80868,
1774,George,Hull,Female,24,2020-12-06,1,Accountant,43529,
1775,Jesse,Myers,Other,39,2023-11-30,3,Software Engineer,79369,
1776,Sarah,Hancock,Female,59,2021-02-16,1,Technical Support,79326,
1777,Carrie,Flores,Male,55,2019-03-21,4,Accountant,75224,
1778,Ashley,Miles,Female,60,2019-03-24,1,Software Engineer,87658,
1779,Guy,Mcclure,Male,54,2021-05-04,3,Data Analyst,49692,
1780,Steve,Morris,Female,60,2020-03-14,1,Data Analyst,84344,
1781,Mikayla,Martin,Other,29,2019-09-24,4,System Admin,92786,
1782,Donald,Cook,Male,48,2023-06-12,1,Data Analyst,35655,
1783,Veronica,Vasquez,Other,32,2019-06-14,2,HR Specialist,105008,
1784,Michael,Wagner,Male,38,2022-05-03,2,Project Manager,108558,
1785,Scott,Jimenez,Other,23,2022-04-02,3,Sales Executive,58389,
1786,Amy,Mcdonald,Female,52,2020-01-10,2,Data Analyst,83840,
1787,Donna,Vaughn,Other,33,2018-12-14,5,Technical Support,51983,
1788,Stephanie,Moon,Female,51,2024-03-31,5,Sales Executive,60122,
1789,James,Pratt,Male,28,2019-11-30,1,Data Analyst,98512,
1790,Kent,Rodriguez,Other,48,2023-11-17,2,Sales Executive,53255,
1791,Joyce,Young,Other,60,2019-02-28,1,Sales Executive,42214,
1792,Rachel,Munoz,Male,60,2021-02-11,5,HR Specialist,118940,
1793,Curtis,Patterson,Other,48,2023-08-31,3,HR Specialist,99444,
1794,James,Johnson,Female,46,2023-08-15,3,Sales Executive,85769,
1795,Gary,Mora,Female,36,2020-11-29,1,Technical Support,108419,
1796,Karen,Foster,Female,38,2021-03-27,2,HR Specialist,30932,
1797,Paige,Mendez,Male,55,2020-07-20,1,Project Manager,115792,
1798,Ryan,Livingston,Female,48,2020-08-15,3,Sales Executive,50287,
1799,Stacey,Kelly,Other,38,2021-02-07,3,Project Manager,104012,
1800,Reginald,Wade,Female,47,2021-11-29,2,Project Manager,102365,
1801,Sheena,Perry,Female,33,2023-10-07,3,System Admin,63263,
1802,Scott,Becker,Other,44,2019-06-02,4,Software Engineer,116413,
1803,Casey,Whitaker,Male,50,2024-04-17,2,Sales Executive,58109,
1804,Justin,Peterson,Female,57,2021-03-12,5,HR Specialist,51068,
1805,Chad,Johnson,Other,22,2022-05-17,1,Software Engineer,91822,
1806,Margaret,Massey,Female,27,2019-05-17,1,Technical Support,59067,
1807,Sean,Alvarez,Other,24,2020-08-14,4,Project Manager,110473,
1808,Mary,Smith,Female,60,2021-05-13,1,Software Engineer,113924,
1809,Adam,Davidson,Male,34,2021-09-04,5,Technical Support,55525,1614.0
1810,Melanie,Lewis,Other,55,2022-05-05,2,Software Engineer,118345,1245.0
1811,Sarah,Franklin,Other,22,2022-06-14,2,Sales Executive,66167,
1812,Ralph,Clark,Female,47,2021-09-28,4,Data Analyst,97861,1721.0
1813,Brenda,Foster,Male,27,2022-04-24,5,Technical Support,103284,
1814,Kylie,Chambers,Female,44,2024-01-12,3,Data Analyst,109477,
1815,Devin,Tran,Female,47,2018-12-24,5,HR Specialist,64223,
1816,Jason,Baker,Other,28,2019-09-16,5,Sales Executive,95951,
1817,Kimberly,Carter,Male,54,2020-02-08,3,Technical Support,88034,
1818,Mark,Mendoza,Other,52,2022-02-18,2,Accountant,90142,
1819,Timothy,Moore,Other,23,2022-04-24,4,Sales Executive,63792,1649.0
1820,Jeff,Kelly,Male,36,2022-02-11,3,Project Manager,76281,
1821,Brenda,Williams,Male,38,2021-01-02,2,Technical Support,42190,
1822,Katherine,Schwartz,Other,43,2020-01-16,1,Software Engineer,92463,
1823,Carolyn,Salas,Male,58,2023-11-27,3,Software Engineer,119536,
1824,Jimmy,Shelton,Male,53,2019-05-20,2,Data Analyst,61726,
1825,David,Peterson,Male,36,2020-08-02,2,Data Analyst,111080,
1826,Karen,Fuller,Male,29,2020-03-04,1,System Admin,110455,1878.0
1827,Holly,Flores,Other,24,2021-12-25,4,Accountant,111352,
1828,Francisco,Davis,Other,39,2024-03-12,4,Software Engineer,96995,
1829,Ray,Robertson,Male,58,2022-08-29,2,HR Specialist,98909,
1830,Kenneth,Lopez,Female,56,2022-12-22,1,Accountant,81605,
1831,Karen,Smith,Male,51,2023-12-18,1,System Admin,71373,
1832,Megan,Lambert,Male,35,2023-11-20,4,Sales Executive,72655,
1833,Jason,Fisher,Female,33,2022-10-04,5,Technical Support,61082,
1834,Mary,Holland,Other,43,2018-11-16,3,Software Engineer,95374,
1835,Elizabeth,George,Female,45,2020-04-11,3,Project Manager,66651,
1836,Phillip,Taylor,Other,30,2021-07-04,5,Data Analyst,43090,
1837,Carlos,Scott,Male,57,2019-02-13,4,Project Manager,55698,
1838,Katie,Swanson,Other,31,2019-11-23,4,HR Specialist,53148,
1839,Bernard,Huerta,Male,55,2024-05-15,5,Accountant,93782,
1840,Kenneth,Sims,Other,58,2022-02-17,1,Project Manager,42972,
1841,Gina,Powell,Male,35,2022-11-22,3,System Admin,112557,1763.0
1842,Laurie,Vasquez,Female,38,2018-11-26,3,Accountant,103446,
1843,Carolyn,Perez,Female,44,2019-07-31,1,Project Manager,45890,
1844,Ryan,Ramirez,Other,60,2018-10-03,2,Software Engineer,67304,
1845,Glen,Garrett,Other,54,2021-05-10,4,System Admin,40277,
1846,Laurie,Price,Female,51,2018-07-08,2,Software Engineer,113962,
1847,Tammy,Hall,Female,48,2020-10-27,5,Project Manager,39351,1352.0
1848,Cristina,Chan,Male,42,2020-08-08,3,Technical Support,65058,
1849,Christine,West,Female,39,2020-05-30,4,Accountant,106928,
1850,Joshua,Davila,Female,48,2024-01-25,2,Software Engineer,33027,
1851,Shawn,Mullen,Male,38,2020-05-07,1,Data Analyst,51877,
1852,Dawn,Davis,Male,26,2023-05-11,4,HR Specialist,33455,
1853,Deanna,Cooper,Other,27,2023-01-14,1,Technical Support,111015,
1854,John,Ward,Other,46,2019-10-18,3,Data Analyst,62426,
1855,Jamie,Moody,Female,30,2020-05-01,2,Software Engineer,33744,1366.0
1856,Matthew,Craig,Female,52,2022-10-01,4,Technical Support,101898,
1857,Victor,Ortiz,Other,56,2019-08-07,2,System Admin,112712,
1858,Alexis,Chandler,Other,49,2022-04-13,5,Technical Support,75504,
1859,Brad,Smith,Male,27,2021-06-28,4,Technical Support,77943,
1860,Jared,Miller,Male,41,2023-02-18,1,HR Specialist,98592,
1861,Jesse,Rios,Male,44,2023-09-30,3,System Admin,100136,1945.0
1862,Jamie,Valentine,Female,52,2021-01-11,3,HR Specialist,86418,
1863,Jason,Baker,Other,36,2023-10-20,1,Accountant,54716,
1864,Wesley,Hartman,Other,49,2022-12-08,4,Data Analyst,51400,
1865,Jose,Gutierrez,Other,46,2019-04-16,4,Data Analyst,64469,1641.0
1866,Omar,Fernandez,Male,55,2019-05-30,5,Technical Support,67313,
1867,Jason,Ryan,Other,39,2022-09-09,4,Data Analyst,38973,
1868,Chad,Brown,Female,29,2020-03-01,4,System Admin,65669,
1869,Richard,Rodriguez,Female,34,2021-02-04,3,HR Specialist,49942,1548.0
1870,Joseph,Hicks,Male,33,2022-12-02,1,Technical Support,65283,
1871,Justin,Morris,Female,22,2019-07-21,2,Sales Executive,49750,1223.0
1872,Spencer,Ortiz,Female,48,2023-04-16,3,System Admin,78679,
1873,Thomas,Young,Male,43,2021-08-14,1,Software Engineer,37345,
1874,Matthew,Brooks,Female,26,2023-12-23,5,System Admin,53803,
1875,Brian,Lopez,Female,46,2022-08-26,1,Sales Executive,62631,
1876,Mary,Collins,Female,37,2019-11-27,1,Data Analyst,90402,
1877,Mark,Schultz,Male,55,2024-02-25,2,System Admin,81003,
1878,Robert,Perez,Female,42,2019-06-09,2,HR Specialist,102034,
1879,Katherine,Patel,Female,52,2021-09-21,3,Data Analyst,77241,
1880,Anthony,Coffey,Other,35,2023-07-25,1,Data Analyst,112956,
1881,Erin,Levy,Male,32,2020-11-01,3,Sales Executive,81879,
1882,Brian,Craig,Male,24,2023-08-13,5,System Admin,108146,
1883,Sharon,Pace,Male,37,2024-07-03,2,System Admin,41980,
1884,Tina,Pena,Female,25,2020-06-28,1,Accountant,114485,
1885,Philip,Guzman,Other,28,2024-02-26,2,System Admin,60497,
1886,Samantha,Hall,Other,44,2021-04-09,4,Data Analyst,32798,
1887,Lucas,Garcia,Female,30,2024-02-03,3,HR Specialist,93609,
1888,Allison,Duran,Other,40,2021-05-22,5,System Admin,54874,
1889,Nina,Sanchez,Other,44,2022-11-12,3,System Admin,66087,
1890,Angela,Chavez,Other,57,2019-04-29,2,Sales Executive,99617,
1891,Kevin,Perez,Female,38,2021-04-14,5,Accountant,89517,1654.0
1892,Gary,Arnold,Other,46,2022-08-16,2,HR Specialist,111229,
1893,Monica,Mcdonald,Other,37,2022-08-18,3,Sales Executive,116283,
1894,Martin,Williams,Female,34,2022-07-07,5,System Admin,102281,
1895,Lisa,Greene,Female,42,2024-02-02,4,Accountant,44478,1675.0
1896,Rebecca,Newton,Male,24,2022-08-18,2,Software Engineer,34099,
1897,Andrew,Scott,Female,34,2022-10-18,1,HR Specialist,104843,
1898,George,Murray,Female,53,2019-07-18,5,Technical Support,36433,
1899,Lori,Pierce,Other,26,2020-10-20,1,Data Analyst,115950,
1900,Anthony,Morrison,Male,51,2021-09-01,1,Accountant,103140,
1901,Taylor,Davis,Female,45,2022-06-02,1,Technical Support,99339,1073.0
1902,Nathaniel,Harvey,Female,26,2019-08-29,2,Sales Executive,43267,
1903,Alyssa,Richardson,Other,46,2019-01-12,2,Data Analyst,98969,
1904,Christina,Sanders,Other,33,2019-05-27,5,Project Manager,43829,
1905,Steven,Clark,Other,44,2023-04-20,4,Project Manager,43644,
1906,Kevin,Oconnor,Male,57,2023-05-01,4,Accountant,116184,
1907,Troy,Garcia,Other,50,2023-10-07,3,Accountant,102100,
1908,Dennis,Singleton,Female,45,2021-11-22,4,Project Manager,72395,
1909,Paul,Dunn,Other,56,2019-08-30,2,Project Manager,102120,
1910,Lance,Schultz,Female,45,2021-09-30,4,System Admin,82047,1036.0
1911,Rachel,Little,Female,60,2021-03-19,1,Software Engineer,69562,1228.0
1912,Timothy,Conley,Male,42,2019-02-22,1,Technical Support,102569,
1913,Christopher,Ramirez,Other,58,2018-10-16,2,Sales Executive,34946,
1914,Jennifer,Sawyer,Male,30,2020-10-29,3,Accountant,106304,
1915,Jeffrey,Anderson,Female,41,2024-05-10,1,Project Manager,104588,
1916,Evelyn,Lindsey,Other,26,2021-07-21,3,System Admin,52662,
1917,Thomas,Wood,Other,58,2020-08-03,1,Technical Support,34898,
1918,William,Heath,Other,46,2019-08-18,1,HR Specialist,73829,
1919,Julie,Macdonald,Female,48,2023-07-13,1,Data Analyst,115561,
1920,Wesley,Gonzales,Male,46,2023-01-07,1,Technical Support,98731,1553.0
1921,Lisa,Jones,Other,31,2019-11-02,3,Data Analyst,50079,1750.0
1922,Juan,Reynolds,Female,50,2023-08-05,5,Sales Executive,59109,
1923,Victor,Salinas,Female,31,2020-04-07,2,Accountant,40819,
1924,Ann,Tate,Other,25,2020-07-29,5,Project Manager,64413,1514.0
1925,Stephanie,Davis,Female,30,2020-04-28,2,System Admin,103308,
1926,Chelsea,Allen,Female,58,2023-05-05,2,Data Analyst,61760,1796.0
1927,Philip,Cooper,Female,42,2023-06-01,5,Sales Executive,44749,
1928,Stacy,Sanchez,Female,45,2022-01-16,3,Data Analyst,72039,
1929,Lawrence,Anderson,Other,23,2024-03-11,3,Software Engineer,75838,
1930,Joel,Arias,Female,31,2024-01-12,4,HR Specialist,60603,
1931,Brittany,Johnson,Female,31,2021-09-16,1,Sales Executive,37148,
1932,Christopher,Watson,Other,31,2019-02-23,3,HR Specialist,74993,
1933,Mark,Sanchez,Male,41,2024-04-09,4,System Admin,32981,
1934,Stephanie,Johns,Other,56,2024-07-04,2,Data Analyst,101620,
1935,Matthew,Hall,Female,57,2024-04-18,4,Software Engineer,117590,1597.0
1936,Alexandra,Thomas,Other,55,2021-11-06,1,Technical Support,52324,1206.0
1937,Gary,Galvan,Other,39,2021-06-19,1,System Admin,115820,
1938,Jennifer,Wong,Male,46,2023-08-27,3,Accountant,44141,1889.0
1939,Megan,Johnson,Other,46,2022-07-30,2,Project Manager,96655,
1940,Kathleen,Calhoun,Male,42,2018-09-02,4,Sales Executive,54434,
1941,Justin,Ford,Female,57,2023-04-14,1,HR Specialist,62426,
1942,Cathy,Reeves,Female,43,2021-09-21,4,Project Manager,50578,1701.0
1943,Kevin,Holt,Female,44,2024-06-27,3,Data Analyst,95700,
1944,Kimberly,Medina,Male,38,2021-06-11,4,HR Specialist,102737,
1945,James,James,Male,31,2023-09-16,3,Project Manager,116105,
1946,Anne,Roman,Other,46,2024-04-24,5,Data Analyst,84700,
1947,Alison,Robinson,Male,49,2023-09-11,3,Accountant,88873,
1948,James,Warner,Male,30,2021-06-16,5,Data Analyst,48102,
1949,Albert,Davenport,Other,55,2021-03-07,2,Project Manager,49025,
1950,Nicholas,Hill,Other,32,2021-02-24,3,Sales Executive,103051,
1951,Dale,Parsons,Other,29,2023-03-03,2,Accountant,49073,
1952,Gregory,Jones,Female,48,2023-09-13,4,Technical Support,88065,
1953,Sharon,Haynes,Other,39,2022-08-14,2,Data Analyst,43994,
1954,Antonio,Bennett,Male,39,2023-09-03,5,Data Analyst,108166,
1955,Heather,Poole,Other,23,2019-05-13,3,Sales Executive,92469,
1956,Stacy,Compton,Other,52,2022-07-17,3,Software Engineer,80785,
1957,Michael,Garcia,Male,32,2020-03-05,2,Data Analyst,34224,
1958,Elizabeth,Blair,Male,39,2019-07-10,4,Data Analyst,117993,
1959,Randy,Hughes,Male,26,2022-02-14,2,System Admin,110879,
1960,Daniel,Cruz,Female,51,2019-08-28,2,Project Manager,83066,
1961,Andrew,Reyes,Other,46,2024-01-18,3,Project Manager,110151,
1962,Rebecca,Holmes,Other,60,2022-06-20,5,HR Specialist,98242,
1963,Taylor,Sanchez,Female,24,2023-01-11,2,Project Manager,35144,
1964,Katie,Ferrell,Other,25,2019-02-09,2,Technical Support,87613,
1965,Teresa,Kelley,Female,40,2019-09-17,4,Software Engineer,85372,
1966,Linda,Edwards,Male,55,2022-05-05,2,System Admin,114685,
1967,Erik,Fisher,Other,54,2023-08-02,1,Software Engineer,106735,
1968,Melissa,Hardin,Other,56,2020-09-08,2,Project Manager,84206,
1969,Jo,Schaefer,Male,33,2021-04-28,4,Data Analyst,89596,1332.0
1970,Benjamin,Sweeney,Other,32,2023-01-03,1,Sales Executive,44963,
1971,Lucas,Baker,Other,45,2020-03-22,1,Project Manager,97065,
1972,Michelle,Gonzalez,Male,46,2020-07-03,5,Project Manager,35754,
1973,Sean,Smith,Female,58,2022-05-09,2,Software Engineer,48953,
1974,Valerie,Rodriguez,Other,25,2022-01-31,4,Technical Support,70569,
1975,Christopher,Hanson,Female,40,2021-08-27,2,Sales Executive,47245,
1976,Timothy,Hill,Male,38,2019-06-17,1,System Admin,95225,
1977,Steven,Hood,Other,22,2021-05-18,5,System Admin,61179,
1978,Mark,Pruitt,Other,52,2022-03-16,4,Project Manager,87917,1615.0
1979,Anthony,Harrison,Male,37,2019-10-09,5,Technical Support,111233,
1980,Nicole,Cooper,Male,25,2021-01-27,2,Software Engineer,37217,
1981,Darius,Miles,Male,31,2023-03-24,1,Technical Support,73399,
1982,Katelyn,Brooks,Male,28,2021-03-31,4,Software Engineer,51146,
1983,Luke,Fitzgerald,Other,60,2024-03-25,5,Software Engineer,89682,
1984,Jim,Norman,Female,24,2022-09-11,1,Technical Support,72312,
1985,Timothy,Garza,Female,26,2023-09-19,4,Sales Executive,68382,
1986,Michelle,Stewart,Male,39,2021-05-28,3,Project Manager,98766,
1987,Brian,Williams,Male,25,2021-10-25,1,Sales Executive,93394,
1988,David,Petty,Other,40,2019-07-21,4,Accountant,64034,
1989,Rachel,Montgomery,Other,44,2022-05-29,2,System Admin,98118,
1990,Chad,Mays,Female,53,2024-03-13,2,Data Analyst,68074,
1991,Amanda,Price,Male,29,2024-06-19,1,System Admin,111980,
1992,Chad,Smith,Other,35,2021-05-24,5,Project Manager,84269,1359.0
1993,David,Robinson,Other,35,2022-07-01,1,Data Analyst,66913,
1994,Dakota,Wood,Male,41,2023-02-14,3,Accountant,30803,
1995,John,Armstrong,Female,43,2023-07-04,4,HR Specialist,53020,
1996,Gina,Gray,Female,52,2019-06-19,4,HR Specialist,114626,
1997,Rita,Welch,Male,51,2019-09-12,5,Accountant,90616,
1998,Peter,Clarke,Female,25,2022-11-02,5,Technical Support,104048,
1999,Justin,Jones,Female,57,2024-06-03,5,HR Specialist,57297,
2000,Michael,Richardson,Female,44,2022-11-17,1,Software Engineer,66760,
