TrainingID,EmployeeID,TrainingType,TrainingDate,CompletionStatus
1,1003,Technical,2022-03-21,Completed
2,1003,Leadership,2023-02-06,Completed
3,1004,Leadership,2022-01-29,Incomplete
4,1004,Compliance,2020-12-26,Completed
5,1004,Leadership,2021-02-17,Completed
6,1005,Compliance,2022-06-19,Incomplete
7,1005,Leadership,2021-10-30,Incomplete
8,1006,Compliance,2024-04-27,Completed
9,1006,Leadership,2020-09-04,Completed
10,1007,Communication,2025-07-04,Incomplete
11,1007,Communication,2024-08-16,Completed
12,1007,Technical,2023-06-11,Completed
13,1007,Compliance,2024-12-03,Completed
14,1008,Communication,2025-02-14,Incomplete
15,1008,Leadership,2021-04-17,Incomplete
16,1009,Leadership,2021-12-02,Completed
17,1009,Leadership,2023-07-20,Completed
18,1009,Compliance,2023-12-01,Completed
19,1010,Compliance,2020-10-02,Incomplete
20,1010,Leadership,2021-05-02,Incomplete
21,1010,Compliance,2022-10-27,Completed
22,1011,Communication,2023-02-15,Completed
23,1011,Technical,2022-04-25,Incomplete
24,1011,Technical,2024-11-06,Incomplete
25,1012,Technical,2024-09-28,Incomplete
26,1012,Compliance,2023-05-17,Completed
27,1012,Compliance,2023-05-11,Incomplete
28,1012,Technical,2024-08-12,Incomplete
29,1014,Leadership,2021-05-04,Incomplete
30,1014,Leadership,2023-04-12,Incomplete
31,1014,Technical,2021-12-07,Completed
32,1014,Communication,2021-09-03,Incomplete
33,1015,Compliance,2025-06-27,Completed
34,1015,Technical,2022-01-11,Completed
35,1015,Leadership,2022-02-17,Completed
36,1015,Compliance,2022-04-13,Completed
37,1017,Compliance,2021-02-23,Completed
38,1017,Leadership,2025-01-20,Incomplete
39,1017,Compliance,2022-05-06,Completed
40,1018,Communication,2024-05-04,Incomplete
41,1018,Technical,2022-04-15,Completed
42,1018,Communication,2023-11-05,Completed
43,1018,Leadership,2024-11-11,Incomplete
44,1019,Technical,2022-02-20,Completed
45,1019,Leadership,2021-07-17,Completed
46,1020,Compliance,2023-08-04,Completed
47,1020,Compliance,2020-12-27,Incomplete
48,1020,Compliance,2024-09-11,Completed
49,1022,Communication,2025-04-09,Completed
50,1023,Communication,2024-02-22,Completed
51,1023,Leadership,2024-01-24,Incomplete
52,1024,Leadership,2020-07-08,Incomplete
53,1024,Leadership,2021-08-21,Incomplete
54,1025,Communication,2025-01-22,Completed
55,1025,Compliance,2023-04-12,Incomplete
56,1026,Leadership,2024-01-24,Completed
57,1026,Communication,2023-09-27,Completed
58,1027,Compliance,2024-03-02,Completed
59,1027,Compliance,2023-01-07,Completed
60,1030,Communication,2025-01-14,Incomplete
61,1030,Communication,2023-05-13,Incomplete
62,1030,Compliance,2021-11-10,Completed
63,1031,Leadership,2020-08-02,Incomplete
64,1032,Technical,2020-08-21,Incomplete
65,1033,Technical,2025-03-29,Incomplete
66,1033,Leadership,2020-07-26,Incomplete
67,1035,Leadership,2024-03-17,Incomplete
68,1035,Technical,2024-02-18,Completed
69,1036,Technical,2022-12-06,Incomplete
70,1037,Compliance,2024-03-02,Incomplete
71,1039,Technical,2023-08-14,Completed
72,1039,Leadership,2024-03-04,Completed
73,1039,Leadership,2022-11-18,Incomplete
74,1040,Communication,2025-06-01,Completed
75,1040,Leadership,2023-12-18,Completed
76,1040,Technical,2022-10-23,Completed
77,1040,Technical,2024-01-02,Incomplete
78,1041,Technical,2022-02-24,Incomplete
79,1042,Technical,2022-01-04,Completed
80,1042,Communication,2024-05-06,Completed
81,1045,Communication,2024-10-06,Incomplete
82,1045,Communication,2022-01-14,Completed
83,1045,Communication,2020-09-15,Incomplete
84,1045,Leadership,2024-06-21,Completed
85,1046,Technical,2022-12-25,Completed
86,1048,Leadership,2022-11-23,Incomplete
87,1048,Communication,2024-08-27,Completed
88,1048,Technical,2024-03-01,Completed
89,1048,Technical,2023-06-01,Incomplete
90,1049,Communication,2021-05-01,Incomplete
91,1049,Compliance,2020-10-15,Incomplete
92,1050,Leadership,2024-08-24,Incomplete
93,1050,Leadership,2020-07-10,Completed
94,1050,Communication,2024-02-08,Incomplete
95,1050,Compliance,2023-07-12,Completed
96,1053,Leadership,2021-02-28,Completed
97,1053,Compliance,2022-12-09,Completed
98,1054,Compliance,2021-02-04,Completed
99,1054,Technical,2023-07-22,Incomplete
100,1054,Communication,2025-05-19,Incomplete
101,1054,Leadership,2022-04-06,Completed
102,1055,Technical,2023-03-05,Completed
103,1055,Technical,2023-09-09,Completed
104,1055,Technical,2024-11-26,Completed
105,1056,Communication,2022-10-07,Incomplete
106,1057,Compliance,2024-09-18,Incomplete
107,1057,Leadership,2021-11-21,Completed
108,1058,Leadership,2022-08-06,Incomplete
109,1058,Technical,2025-04-24,Incomplete
110,1060,Leadership,2023-06-24,Incomplete
111,1060,Technical,2022-11-13,Incomplete
112,1061,Communication,2024-07-12,Incomplete
113,1061,Leadership,2020-09-07,Completed
114,1061,Leadership,2022-09-05,Completed
115,1062,Leadership,2021-04-06,Completed
116,1062,Technical,2024-11-30,Completed
117,1062,Technical,2021-08-22,Incomplete
118,1063,Communication,2022-08-27,Completed
119,1063,Leadership,2024-03-14,Incomplete
120,1063,Technical,2021-08-02,Incomplete
121,1065,Technical,2021-08-22,Completed
122,1065,Technical,2023-06-29,Completed
123,1066,Compliance,2023-04-12,Incomplete
124,1066,Leadership,2024-04-15,Incomplete
125,1067,Technical,2023-09-11,Incomplete
126,1067,Leadership,2024-11-06,Incomplete
127,1067,Communication,2024-08-31,Incomplete
128,1067,Technical,2021-09-03,Completed
129,1068,Compliance,2024-05-17,Incomplete
130,1068,Leadership,2024-04-08,Completed
131,1068,Technical,2021-01-30,Incomplete
132,1068,Leadership,2021-02-13,Incomplete
133,1069,Compliance,2022-02-17,Incomplete
134,1070,Communication,2023-04-14,Completed
135,1071,Leadership,2021-01-08,Completed
136,1071,Technical,2025-03-19,Incomplete
137,1071,Leadership,2023-01-14,Completed
138,1073,Communication,2024-07-02,Completed
139,1073,Leadership,2021-12-06,Incomplete
140,1074,Leadership,2024-09-29,Incomplete
141,1074,Compliance,2020-12-03,Completed
142,1074,Leadership,2020-08-10,Incomplete
143,1074,Compliance,2023-07-07,Completed
144,1075,Communication,2020-11-17,Incomplete
145,1075,Compliance,2021-07-11,Incomplete
146,1075,Leadership,2023-10-03,Incomplete
147,1076,Compliance,2022-03-21,Incomplete
148,1077,Technical,2024-06-12,Completed
149,1077,Compliance,2022-04-02,Completed
150,1077,Compliance,2024-11-16,Completed
151,1077,Compliance,2023-10-15,Completed
152,1078,Technical,2025-06-29,Completed
153,1079,Technical,2025-01-10,Incomplete
154,1080,Communication,2022-04-10,Incomplete
155,1081,Leadership,2024-08-17,Incomplete
156,1081,Leadership,2024-04-23,Incomplete
157,1081,Technical,2021-05-12,Incomplete
158,1081,Leadership,2023-05-27,Incomplete
159,1082,Leadership,2021-04-07,Incomplete
160,1082,Technical,2024-02-25,Completed
161,1082,Compliance,2022-07-13,Completed
162,1083,Technical,2023-08-16,Incomplete
163,1083,Compliance,2022-07-24,Completed
164,1083,Technical,2022-04-24,Completed
165,1083,Compliance,2021-05-23,Completed
166,1084,Communication,2022-12-08,Completed
167,1084,Technical,2021-07-27,Incomplete
168,1085,Leadership,2021-04-04,Completed
169,1085,Communication,2024-02-28,Incomplete
170,1086,Technical,2025-06-21,Incomplete
171,1086,Compliance,2022-08-17,Completed
172,1086,Communication,2023-09-13,Incomplete
173,1086,Compliance,2024-10-20,Incomplete
174,1088,Leadership,2024-04-11,Incomplete
175,1089,Leadership,2022-10-11,Completed
176,1089,Technical,2021-05-11,Incomplete
177,1089,Compliance,2021-01-09,Completed
178,1090,Technical,2023-06-02,Incomplete
179,1090,Communication,2021-01-26,Completed
180,1091,Compliance,2021-01-21,Incomplete
181,1094,Communication,2025-01-23,Completed
182,1097,Communication,2022-08-13,Incomplete
183,1097,Communication,2025-02-07,Completed
184,1097,Leadership,2022-10-09,Completed
185,1097,Communication,2023-10-09,Completed
186,1100,Compliance,2022-02-05,Completed
187,1103,Leadership,2025-04-14,Incomplete
188,1103,Leadership,2021-02-25,Incomplete
189,1103,Leadership,2021-12-28,Incomplete
190,1105,Communication,2020-12-28,Completed
191,1105,Technical,2021-11-09,Incomplete
192,1105,Communication,2024-02-08,Completed
193,1107,Technical,2024-08-17,Incomplete
194,1107,Compliance,2023-09-27,Completed
195,1108,Communication,2022-04-20,Incomplete
196,1108,Compliance,2024-06-01,Incomplete
197,1108,Technical,2022-08-30,Completed
198,1109,Technical,2024-07-20,Incomplete
199,1109,Communication,2022-04-27,Completed
200,1109,Technical,2022-10-24,Incomplete
201,1111,Leadership,2025-02-14,Incomplete
202,1111,Communication,2020-12-26,Incomplete
203,1111,Leadership,2022-06-17,Completed
204,1111,Leadership,2025-02-24,Incomplete
205,1113,Compliance,2024-06-20,Completed
206,1113,Technical,2023-10-20,Completed
207,1113,Technical,2025-04-14,Incomplete
208,1114,Leadership,2020-08-13,Completed
209,1115,Compliance,2025-04-30,Completed
210,1115,Technical,2024-02-15,Incomplete
211,1116,Leadership,2020-09-21,Incomplete
212,1116,Leadership,2020-10-05,Incomplete
213,1116,Leadership,2025-01-18,Completed
214,1117,Leadership,2025-03-14,Completed
215,1118,Technical,2020-07-20,Completed
216,1118,Communication,2022-07-18,Completed
217,1118,Technical,2025-03-14,Incomplete
218,1118,Technical,2020-11-02,Incomplete
219,1119,Communication,2024-08-16,Incomplete
220,1120,Compliance,2022-10-22,Incomplete
221,1120,Leadership,2020-12-09,Completed
222,1120,Technical,2024-03-26,Incomplete
223,1120,Leadership,2021-09-26,Incomplete
224,1121,Compliance,2020-07-28,Completed
225,1121,Technical,2024-06-18,Incomplete
226,1123,Communication,2025-03-13,Incomplete
227,1124,Leadership,2020-11-27,Completed
228,1124,Communication,2023-08-29,Incomplete
229,1124,Compliance,2021-04-19,Completed
230,1124,Technical,2022-03-08,Incomplete
231,1125,Compliance,2021-03-28,Completed
232,1126,Communication,2022-03-26,Completed
233,1126,Technical,2021-04-02,Incomplete
234,1126,Communication,2021-04-17,Completed
235,1127,Leadership,2024-09-01,Completed
236,1128,Leadership,2022-07-17,Incomplete
237,1129,Technical,2021-02-20,Completed
238,1129,Technical,2023-08-10,Incomplete
239,1129,Communication,2020-11-19,Completed
240,1129,Compliance,2023-04-17,Incomplete
241,1130,Communication,2021-01-18,Completed
242,1130,Communication,2021-07-12,Completed
243,1130,Technical,2022-06-19,Completed
244,1130,Technical,2024-08-15,Incomplete
245,1131,Leadership,2020-12-30,Incomplete
246,1131,Technical,2022-03-13,Incomplete
247,1131,Leadership,2025-06-25,Incomplete
248,1132,Communication,2021-09-09,Incomplete
249,1132,Leadership,2020-08-20,Incomplete
250,1132,Communication,2025-03-03,Completed
251,1132,Communication,2024-09-14,Incomplete
252,1133,Communication,2023-03-07,Completed
253,1135,Leadership,2024-11-26,Incomplete
254,1135,Technical,2022-06-01,Completed
255,1136,Technical,2025-04-24,Completed
256,1137,Compliance,2022-07-21,Completed
257,1137,Leadership,2022-01-02,Incomplete
258,1138,Leadership,2023-05-20,Incomplete
259,1138,Communication,2023-07-18,Completed
260,1139,Communication,2021-07-10,Completed
261,1139,Leadership,2024-05-30,Completed
262,1141,Technical,2022-05-05,Incomplete
263,1141,Communication,2023-02-24,Incomplete
264,1141,Leadership,2022-12-19,Incomplete
265,1141,Technical,2022-11-12,Incomplete
266,1142,Compliance,2021-06-14,Completed
267,1142,Technical,2022-06-18,Completed
268,1142,Leadership,2021-08-09,Incomplete
269,1142,Leadership,2024-12-16,Completed
270,1143,Communication,2020-09-06,Incomplete
271,1143,Compliance,2022-10-10,Completed
272,1143,Compliance,2021-07-08,Incomplete
273,1143,Leadership,2021-09-05,Completed
274,1144,Compliance,2024-08-04,Incomplete
275,1144,Communication,2024-05-09,Completed
276,1145,Leadership,2022-08-20,Incomplete
277,1145,Technical,2023-05-24,Completed
278,1145,Communication,2025-05-15,Incomplete
279,1146,Communication,2023-11-03,Completed
280,1146,Technical,2023-05-27,Completed
281,1146,Communication,2025-06-27,Incomplete
282,1147,Leadership,2025-02-09,Completed
283,1147,Communication,2021-10-24,Incomplete
284,1147,Communication,2023-09-27,Incomplete
285,1148,Technical,2021-05-08,Incomplete
286,1148,Communication,2022-02-02,Completed
287,1148,Technical,2021-09-08,Incomplete
288,1148,Technical,2023-07-06,Incomplete
289,1150,Compliance,2021-09-05,Completed
290,1150,Communication,2025-04-30,Completed
291,1150,Technical,2022-06-21,Incomplete
292,1150,Leadership,2022-11-25,Incomplete
293,1152,Communication,2025-04-25,Incomplete
294,1152,Compliance,2021-02-02,Incomplete
295,1153,Leadership,2023-09-23,Completed
296,1153,Leadership,2021-10-10,Completed
297,1153,Compliance,2024-01-29,Completed
298,1153,Compliance,2021-03-07,Incomplete
299,1154,Compliance,2025-01-28,Completed
300,1154,Communication,2021-05-28,Incomplete
301,1155,Communication,2022-01-06,Completed
302,1155,Technical,2020-08-09,Incomplete
303,1155,Compliance,2025-03-31,Completed
304,1155,Technical,2022-06-27,Completed
305,1156,Compliance,2021-03-25,Incomplete
306,1156,Technical,2025-01-21,Completed
307,1156,Leadership,2022-03-07,Incomplete
308,1156,Communication,2024-03-12,Completed
309,1157,Leadership,2022-04-13,Incomplete
310,1157,Technical,2020-12-31,Incomplete
311,1158,Technical,2022-11-08,Incomplete
312,1158,Communication,2023-11-09,Completed
313,1158,Technical,2025-05-30,Incomplete
314,1159,Technical,2020-07-18,Completed
315,1159,Compliance,2023-09-07,Incomplete
316,1159,Leadership,2021-03-24,Completed
317,1159,Leadership,2022-11-11,Incomplete
318,1160,Compliance,2022-11-02,Completed
319,1160,Communication,2021-10-29,Incomplete
320,1161,Compliance,2021-06-17,Completed
321,1161,Compliance,2024-01-03,Incomplete
322,1161,Compliance,2025-05-26,Incomplete
323,1162,Leadership,2021-06-06,Completed
324,1163,Leadership,2020-12-30,Completed
325,1163,Leadership,2021-12-29,Incomplete
326,1164,Communication,2024-09-12,Completed
327,1164,Leadership,2022-02-13,Completed
328,1164,Compliance,2023-07-14,Completed
329,1164,Compliance,2022-11-24,Completed
330,1166,Technical,2023-01-01,Incomplete
331,1166,Compliance,2023-06-26,Completed
332,1167,Compliance,2021-04-20,Incomplete
333,1167,Leadership,2024-11-10,Incomplete
334,1168,Technical,2023-04-02,Completed
335,1168,Technical,2021-03-06,Completed
336,1169,Technical,2023-04-28,Incomplete
337,1169,Communication,2021-08-19,Completed
338,1170,Communication,2020-11-10,Incomplete
339,1171,Leadership,2024-03-29,Completed
340,1171,Compliance,2021-11-27,Completed
341,1173,Leadership,2022-08-08,Completed
342,1173,Compliance,2023-09-16,Completed
343,1174,Communication,2021-08-09,Completed
344,1174,Communication,2022-07-22,Completed
345,1174,Technical,2022-10-20,Incomplete
346,1176,Compliance,2021-02-05,Completed
347,1176,Technical,2023-11-14,Incomplete
348,1177,Technical,2024-07-29,Completed
349,1177,Compliance,2021-03-12,Incomplete
350,1177,Communication,2020-07-25,Completed
351,1178,Communication,2024-07-21,Incomplete
352,1178,Communication,2021-10-22,Incomplete
353,1179,Technical,2021-03-29,Completed
354,1179,Communication,2023-07-05,Incomplete
355,1180,Compliance,2024-11-10,Incomplete
356,1180,Compliance,2023-09-23,Incomplete
357,1180,Compliance,2024-07-26,Incomplete
358,1180,Compliance,2024-01-24,Completed
359,1181,Technical,2023-08-24,Incomplete
360,1181,Leadership,2022-03-01,Completed
361,1181,Communication,2021-08-23,Incomplete
362,1181,Leadership,2024-04-05,Completed
363,1185,Compliance,2023-08-05,Incomplete
364,1186,Technical,2022-12-26,Completed
365,1187,Technical,2021-07-26,Completed
366,1188,Compliance,2021-10-27,Completed
367,1188,Technical,2024-04-16,Completed
368,1189,Compliance,2024-06-06,Incomplete
369,1189,Leadership,2023-10-22,Completed
370,1190,Technical,2021-08-10,Completed
371,1190,Compliance,2023-09-24,Incomplete
372,1190,Compliance,2021-01-26,Incomplete
373,1191,Communication,2024-02-25,Completed
374,1191,Communication,2020-10-17,Completed
375,1191,Communication,2024-03-20,Incomplete
376,1192,Compliance,2025-05-22,Incomplete
377,1192,Technical,2024-12-04,Completed
378,1192,Technical,2022-01-25,Incomplete
379,1193,Technical,2025-02-24,Incomplete
380,1193,Compliance,2021-10-09,Completed
381,1193,Leadership,2022-02-23,Completed
382,1193,Technical,2025-01-29,Completed
383,1194,Technical,2025-02-18,Completed
384,1195,Technical,2024-06-11,Completed
385,1197,Leadership,2022-04-02,Completed
386,1197,Communication,2024-02-20,Completed
387,1199,Technical,2022-10-20,Incomplete
388,1199,Compliance,2023-08-16,Incomplete
389,1199,Technical,2023-01-25,Completed
390,1199,Communication,2023-10-08,Incomplete
391,1201,Technical,2024-03-16,Incomplete
392,1201,Communication,2022-07-31,Completed
393,1201,Communication,2024-02-01,Completed
394,1201,Technical,2020-10-22,Incomplete
395,1202,Communication,2024-07-10,Incomplete
396,1202,Compliance,2024-11-08,Incomplete
397,1202,Compliance,2022-08-20,Incomplete
398,1203,Communication,2024-09-27,Completed
399,1204,Leadership,2024-10-27,Incomplete
400,1204,Technical,2023-03-17,Completed
401,1204,Communication,2023-12-09,Incomplete
402,1204,Technical,2021-02-26,Completed
403,1205,Leadership,2024-02-11,Completed
404,1205,Communication,2023-02-23,Completed
405,1205,Communication,2020-08-06,Completed
406,1207,Technical,2023-07-20,Completed
407,1207,Communication,2022-09-08,Completed
408,1207,Technical,2022-01-08,Completed
409,1208,Technical,2022-01-01,Completed
410,1208,Technical,2024-12-12,Completed
411,1209,Technical,2025-01-16,Completed
412,1209,Communication,2022-05-07,Incomplete
413,1209,Leadership,2024-07-18,Incomplete
414,1210,Technical,2021-02-07,Completed
415,1211,Compliance,2021-02-14,Incomplete
416,1212,Technical,2023-01-09,Incomplete
417,1213,Compliance,2021-08-16,Incomplete
418,1213,Communication,2024-04-01,Completed
419,1213,Communication,2024-07-15,Incomplete
420,1213,Communication,2022-05-31,Completed
421,1214,Communication,2023-11-09,Incomplete
422,1215,Leadership,2022-03-23,Incomplete
423,1216,Compliance,2023-11-17,Incomplete
424,1216,Leadership,2024-10-25,Completed
425,1217,Communication,2022-06-09,Completed
426,1217,Technical,2024-12-20,Completed
427,1217,Communication,2021-10-26,Completed
428,1218,Leadership,2022-11-27,Incomplete
429,1219,Communication,2024-03-28,Incomplete
430,1221,Communication,2024-07-28,Incomplete
431,1222,Technical,2021-10-30,Completed
432,1223,Leadership,2020-08-24,Completed
433,1224,Compliance,2020-09-16,Incomplete
434,1226,Technical,2022-01-07,Completed
435,1226,Leadership,2020-07-19,Completed
436,1226,Compliance,2021-06-20,Incomplete
437,1226,Communication,2024-07-02,Incomplete
438,1227,Technical,2023-05-02,Incomplete
439,1227,Compliance,2021-07-17,Completed
440,1228,Communication,2021-10-25,Completed
441,1230,Leadership,2020-11-16,Incomplete
442,1231,Technical,2024-06-07,Incomplete
443,1231,Leadership,2021-05-14,Incomplete
444,1233,Leadership,2023-08-22,Incomplete
445,1233,Technical,2020-11-25,Completed
446,1233,Leadership,2023-02-27,Completed
447,1234,Technical,2020-12-04,Incomplete
448,1237,Technical,2025-01-31,Incomplete
449,1237,Compliance,2022-10-30,Completed
450,1239,Technical,2022-12-16,Completed
451,1239,Communication,2023-11-29,Incomplete
452,1239,Leadership,2020-10-16,Completed
453,1239,Communication,2021-03-29,Completed
454,1240,Leadership,2021-06-08,Completed
455,1240,Communication,2024-09-20,Completed
456,1240,Technical,2025-05-09,Completed
457,1240,Leadership,2024-05-13,Completed
458,1241,Leadership,2021-08-13,Incomplete
459,1242,Communication,2023-11-06,Completed
460,1242,Leadership,2023-11-27,Completed
461,1242,Leadership,2021-08-06,Completed
462,1244,Communication,2022-01-22,Completed
463,1244,Technical,2025-01-17,Completed
464,1244,Leadership,2023-09-05,Completed
465,1245,Leadership,2023-12-26,Incomplete
466,1245,Technical,2023-10-01,Incomplete
467,1245,Communication,2022-06-15,Completed
468,1245,Technical,2024-07-29,Completed
469,1247,Technical,2021-12-28,Incomplete
470,1247,Communication,2025-02-25,Incomplete
471,1248,Leadership,2021-08-22,Completed
472,1249,Compliance,2022-11-20,Completed
473,1249,Technical,2021-05-31,Incomplete
474,1249,Technical,2024-08-02,Completed
475,1251,Leadership,2023-07-20,Incomplete
476,1251,Technical,2023-05-08,Incomplete
477,1253,Compliance,2023-10-16,Completed
478,1253,Technical,2022-07-16,Incomplete
479,1253,Communication,2024-07-13,Completed
480,1253,Leadership,2023-01-08,Completed
481,1254,Compliance,2023-01-19,Incomplete
482,1254,Leadership,2024-07-31,Completed
483,1255,Compliance,2021-07-30,Completed
484,1256,Communication,2024-05-07,Completed
485,1256,Leadership,2022-10-31,Completed
486,1256,Communication,2022-01-30,Completed
487,1256,Technical,2024-10-23,Incomplete
488,1257,Communication,2025-04-06,Incomplete
489,1258,Compliance,2024-03-08,Incomplete
490,1258,Communication,2022-07-14,Incomplete
491,1258,Technical,2023-06-09,Completed
492,1258,Leadership,2023-08-27,Incomplete
493,1260,Leadership,2022-06-08,Completed
494,1261,Leadership,2024-12-28,Incomplete
495,1261,Leadership,2022-07-26,Incomplete
496,1261,Technical,2023-12-28,Incomplete
497,1262,Communication,2024-08-18,Incomplete
498,1264,Leadership,2021-08-30,Incomplete
499,1266,Communication,2024-09-05,Completed
500,1266,Communication,2021-11-19,Completed
501,1266,Technical,2024-04-13,Completed
502,1267,Leadership,2021-03-04,Incomplete
503,1267,Compliance,2021-10-31,Incomplete
504,1268,Leadership,2024-06-19,Completed
505,1269,Leadership,2022-01-28,Completed
506,1269,Leadership,2020-10-09,Completed
507,1271,Compliance,2024-09-28,Incomplete
508,1271,Communication,2023-06-09,Incomplete
509,1271,Compliance,2022-01-13,Incomplete
510,1271,Compliance,2023-10-07,Completed
511,1272,Communication,2024-09-26,Incomplete
512,1272,Compliance,2022-12-24,Incomplete
513,1273,Technical,2025-05-29,Completed
514,1273,Compliance,2024-11-23,Incomplete
515,1273,Leadership,2023-01-17,Completed
516,1274,Communication,2020-12-21,Incomplete
517,1274,Leadership,2023-12-30,Completed
518,1276,Leadership,2025-03-02,Completed
519,1276,Leadership,2025-02-22,Completed
520,1276,Technical,2024-01-05,Completed
521,1276,Communication,2025-01-04,Completed
522,1278,Communication,2024-11-09,Incomplete
523,1278,Leadership,2025-02-11,Incomplete
524,1278,Technical,2021-01-06,Incomplete
525,1279,Leadership,2025-02-25,Completed
526,1279,Leadership,2020-10-05,Incomplete
527,1279,Communication,2021-01-15,Completed
528,1279,Technical,2025-04-15,Completed
529,1281,Leadership,2024-01-19,Incomplete
530,1281,Leadership,2024-09-05,Completed
531,1282,Leadership,2023-02-22,Incomplete
532,1282,Communication,2025-06-11,Completed
533,1282,Technical,2023-11-15,Completed
534,1282,Communication,2022-05-11,Completed
535,1283,Leadership,2022-04-23,Completed
536,1283,Compliance,2022-08-21,Incomplete
537,1284,Compliance,2023-02-28,Incomplete
538,1284,Compliance,2024-07-05,Completed
539,1284,Communication,2022-05-22,Completed
540,1284,Leadership,2021-10-11,Completed
541,1287,Communication,2024-04-15,Completed
542,1287,Compliance,2023-11-12,Incomplete
543,1287,Communication,2023-12-20,Incomplete
544,1287,Communication,2021-07-26,Incomplete
545,1288,Leadership,2022-07-14,Completed
546,1288,Leadership,2023-04-27,Completed
547,1288,Compliance,2023-02-10,Completed
548,1289,Communication,2023-07-16,Completed
549,1290,Compliance,2021-01-20,Incomplete
550,1290,Communication,2024-01-10,Incomplete
551,1290,Technical,2022-11-13,Completed
552,1291,Leadership,2021-01-13,Completed
553,1291,Technical,2022-09-13,Incomplete
554,1295,Communication,2025-02-18,Incomplete
555,1295,Communication,2024-03-06,Completed
556,1296,Compliance,2020-09-30,Completed
557,1296,Leadership,2020-07-14,Completed
558,1298,Communication,2021-09-12,Incomplete
559,1298,Leadership,2023-02-06,Incomplete
560,1298,Leadership,2021-12-15,Completed
561,1299,Technical,2022-06-22,Completed
562,1299,Compliance,2025-02-26,Completed
563,1300,Technical,2021-04-22,Completed
564,1300,Compliance,2023-04-27,Completed
565,1302,Leadership,2021-12-26,Incomplete
566,1302,Communication,2022-02-13,Incomplete
567,1303,Communication,2022-12-19,Completed
568,1303,Leadership,2024-09-29,Completed
569,1303,Communication,2022-10-30,Incomplete
570,1303,Leadership,2023-04-05,Incomplete
571,1304,Compliance,2024-09-25,Completed
572,1304,Communication,2022-01-17,Incomplete
573,1304,Leadership,2024-06-29,Completed
574,1305,Communication,2021-08-24,Incomplete
575,1307,Communication,2021-12-21,Incomplete
576,1307,Technical,2022-05-29,Completed
577,1307,Technical,2025-06-21,Incomplete
578,1308,Technical,2024-07-30,Completed
579,1308,Compliance,2021-04-27,Completed
580,1308,Communication,2025-03-26,Completed
581,1310,Technical,2021-10-26,Incomplete
582,1310,Technical,2024-10-27,Completed
583,1311,Communication,2020-10-04,Completed
584,1312,Communication,2020-11-28,Completed
585,1312,Leadership,2023-01-31,Completed
586,1312,Communication,2022-04-30,Completed
587,1312,Technical,2021-07-16,Completed
588,1313,Leadership,2025-05-04,Completed
589,1313,Technical,2024-02-02,Incomplete
590,1314,Communication,2023-07-24,Completed
591,1314,Leadership,2022-03-20,Completed
592,1314,Communication,2021-05-15,Completed
593,1314,Compliance,2022-01-27,Completed
594,1316,Communication,2021-04-15,Incomplete
595,1316,Compliance,2021-08-06,Completed
596,1316,Technical,2024-01-17,Completed
597,1316,Communication,2024-02-08,Incomplete
598,1317,Technical,2023-11-05,Incomplete
599,1317,Compliance,2023-07-01,Incomplete
600,1317,Leadership,2024-07-15,Completed
601,1317,Leadership,2024-11-13,Completed
602,1318,Leadership,2024-03-31,Incomplete
603,1318,Communication,2024-04-27,Incomplete
604,1319,Leadership,2021-06-15,Completed
605,1319,Technical,2022-05-21,Incomplete
606,1319,Leadership,2023-12-30,Incomplete
607,1320,Communication,2024-08-07,Completed
608,1320,Leadership,2021-11-23,Completed
609,1320,Communication,2021-04-15,Incomplete
610,1320,Technical,2024-06-02,Incomplete
611,1321,Technical,2025-03-20,Incomplete
612,1321,Communication,2021-09-03,Incomplete
613,1321,Leadership,2021-01-18,Incomplete
614,1321,Leadership,2022-05-26,Incomplete
615,1322,Leadership,2025-06-10,Incomplete
616,1324,Communication,2024-12-02,Completed
617,1324,Compliance,2025-03-12,Incomplete
618,1324,Leadership,2023-04-09,Incomplete
619,1324,Technical,2023-05-11,Completed
620,1325,Compliance,2023-09-10,Completed
621,1325,Compliance,2024-03-05,Incomplete
622,1325,Compliance,2025-05-04,Completed
623,1326,Communication,2022-10-11,Completed
624,1326,Compliance,2023-08-19,Completed
625,1326,Communication,2024-02-12,Incomplete
626,1327,Communication,2023-04-25,Incomplete
627,1327,Technical,2025-06-27,Incomplete
628,1327,Communication,2024-01-10,Completed
629,1327,Compliance,2024-02-16,Incomplete
630,1328,Compliance,2024-01-25,Completed
631,1328,Leadership,2022-02-06,Incomplete
632,1328,Leadership,2025-06-08,Completed
633,1328,Compliance,2024-01-20,Completed
634,1329,Technical,2025-01-05,Completed
635,1329,Compliance,2022-02-02,Completed
636,1329,Communication,2023-10-18,Incomplete
637,1330,Technical,2020-09-07,Completed
638,1330,Technical,2021-05-16,Incomplete
639,1330,Communication,2021-08-03,Completed
640,1330,Leadership,2024-06-03,Incomplete
641,1331,Compliance,2022-04-03,Incomplete
642,1332,Technical,2023-08-30,Incomplete
643,1332,Leadership,2023-04-29,Incomplete
644,1332,Leadership,2021-08-19,Completed
645,1334,Leadership,2021-09-26,Completed
646,1334,Leadership,2025-04-17,Completed
647,1335,Technical,2022-06-02,Completed
648,1335,Communication,2024-04-22,Completed
649,1336,Technical,2021-04-14,Incomplete
650,1337,Leadership,2021-01-27,Incomplete
651,1337,Technical,2023-05-19,Completed
652,1337,Leadership,2024-05-23,Incomplete
653,1338,Leadership,2022-01-30,Incomplete
654,1338,Compliance,2023-07-17,Completed
655,1339,Compliance,2024-07-16,Incomplete
656,1340,Communication,2021-06-08,Completed
657,1340,Compliance,2025-03-03,Completed
658,1341,Leadership,2022-09-01,Incomplete
659,1341,Compliance,2022-03-21,Completed
660,1341,Technical,2022-03-13,Incomplete
661,1341,Compliance,2023-07-03,Completed
662,1342,Communication,2024-08-31,Incomplete
663,1342,Leadership,2024-03-12,Incomplete
664,1342,Communication,2023-03-16,Completed
665,1342,Technical,2022-04-04,Incomplete
666,1343,Leadership,2022-06-20,Completed
667,1343,Communication,2020-10-27,Incomplete
668,1343,Technical,2021-10-14,Completed
669,1343,Compliance,2023-12-23,Completed
670,1344,Compliance,2021-01-23,Incomplete
671,1344,Leadership,2024-05-26,Completed
672,1344,Compliance,2022-05-05,Completed
673,1345,Communication,2024-10-28,Incomplete
674,1345,Communication,2023-11-21,Completed
675,1345,Communication,2021-01-06,Incomplete
676,1346,Communication,2022-02-04,Incomplete
677,1346,Leadership,2020-08-05,Incomplete
678,1347,Compliance,2024-10-16,Incomplete
679,1347,Leadership,2024-08-13,Completed
680,1349,Technical,2021-10-01,Completed
681,1349,Leadership,2021-08-16,Incomplete
682,1349,Compliance,2024-07-27,Completed
683,1349,Communication,2024-03-25,Completed
684,1350,Leadership,2024-07-21,Completed
685,1350,Communication,2022-03-18,Completed
686,1351,Leadership,2025-01-04,Completed
687,1351,Communication,2021-02-18,Completed
688,1351,Communication,2021-12-30,Incomplete
689,1352,Communication,2023-08-26,Completed
690,1354,Compliance,2020-11-16,Incomplete
691,1354,Compliance,2024-03-05,Completed
692,1354,Communication,2023-10-21,Incomplete
693,1354,Leadership,2021-04-03,Completed
694,1356,Compliance,2023-08-30,Completed
695,1356,Compliance,2023-10-17,Incomplete
696,1356,Technical,2024-08-06,Completed
697,1356,Compliance,2022-03-04,Incomplete
698,1357,Compliance,2020-07-11,Incomplete
699,1357,Communication,2023-04-13,Incomplete
700,1357,Communication,2021-05-22,Completed
701,1358,Communication,2022-11-15,Incomplete
702,1358,Technical,2021-09-05,Completed
703,1359,Compliance,2023-11-03,Incomplete
704,1359,Compliance,2022-04-08,Incomplete
705,1360,Compliance,2023-01-28,Completed
706,1360,Communication,2023-10-03,Incomplete
707,1360,Compliance,2023-09-17,Completed
708,1361,Leadership,2022-11-12,Incomplete
709,1362,Technical,2023-05-06,Incomplete
710,1363,Communication,2021-09-30,Incomplete
711,1363,Technical,2021-05-25,Completed
712,1364,Compliance,2025-03-07,Incomplete
713,1364,Leadership,2020-07-27,Completed
714,1364,Communication,2021-07-07,Incomplete
715,1365,Compliance,2022-03-10,Completed
716,1365,Leadership,2022-07-10,Completed
717,1365,Communication,2021-08-21,Completed
718,1365,Technical,2024-04-15,Completed
719,1366,Technical,2021-04-14,Incomplete
720,1367,Communication,2024-11-28,Incomplete
721,1368,Communication,2023-06-02,Incomplete
722,1368,Communication,2024-12-28,Completed
723,1368,Compliance,2023-11-22,Completed
724,1369,Leadership,2025-03-27,Completed
725,1369,Leadership,2024-12-22,Completed
726,1369,Compliance,2025-02-24,Completed
727,1371,Compliance,2022-05-01,Incomplete
728,1371,Leadership,2025-05-30,Completed
729,1372,Leadership,2021-10-06,Completed
730,1372,Communication,2024-01-23,Incomplete
731,1372,Communication,2024-07-21,Incomplete
732,1372,Technical,2022-09-07,Completed
733,1374,Compliance,2024-02-26,Incomplete
734,1376,Communication,2020-10-19,Completed
735,1376,Communication,2021-03-29,Incomplete
736,1377,Communication,2022-02-15,Completed
737,1378,Leadership,2021-11-10,Completed
738,1380,Compliance,2020-11-17,Completed
739,1381,Compliance,2023-11-18,Completed
740,1381,Communication,2021-07-31,Incomplete
741,1381,Communication,2022-11-28,Completed
742,1382,Compliance,2023-12-18,Completed
743,1382,Compliance,2020-09-29,Incomplete
744,1382,Technical,2024-10-05,Incomplete
745,1383,Leadership,2022-02-26,Completed
746,1384,Compliance,2024-01-08,Incomplete
747,1384,Compliance,2023-02-08,Incomplete
748,1384,Leadership,2022-03-05,Completed
749,1384,Communication,2025-03-14,Incomplete
750,1385,Compliance,2022-06-17,Incomplete
751,1385,Communication,2023-04-19,Incomplete
752,1386,Technical,2022-09-24,Completed
753,1388,Technical,2025-04-05,Completed
754,1389,Compliance,2024-08-16,Incomplete
755,1389,Leadership,2020-12-24,Incomplete
756,1389,Communication,2023-03-21,Incomplete
757,1390,Technical,2021-10-24,Incomplete
758,1391,Communication,2020-08-21,Completed
759,1393,Communication,2023-04-19,Completed
760,1395,Compliance,2023-11-14,Completed
761,1395,Leadership,2021-01-07,Completed
762,1395,Communication,2022-08-06,Completed
763,1397,Compliance,2023-05-21,Completed
764,1397,Leadership,2022-10-16,Incomplete
765,1398,Technical,2022-07-04,Incomplete
766,1398,Technical,2021-10-01,Incomplete
767,1398,Technical,2021-06-14,Incomplete
768,1398,Technical,2023-06-18,Incomplete
769,1402,Leadership,2024-06-19,Incomplete
770,1402,Communication,2024-10-24,Incomplete
771,1402,Compliance,2020-12-06,Completed
772,1402,Communication,2024-04-09,Incomplete
773,1403,Compliance,2021-08-19,Incomplete
774,1404,Compliance,2023-05-31,Incomplete
775,1404,Compliance,2024-10-01,Incomplete
776,1406,Technical,2024-06-03,Incomplete
777,1406,Leadership,2021-08-13,Incomplete
778,1406,Technical,2023-11-24,Incomplete
779,1406,Leadership,2022-05-08,Completed
780,1407,Technical,2023-09-20,Completed
781,1407,Technical,2023-12-28,Incomplete
782,1408,Compliance,2025-03-25,Incomplete
783,1408,Communication,2023-11-27,Completed
784,1408,Leadership,2021-04-23,Incomplete
785,1408,Compliance,2025-04-29,Incomplete
786,1409,Technical,2021-11-28,Incomplete
787,1409,Leadership,2020-07-20,Incomplete
788,1409,Communication,2021-04-22,Completed
789,1409,Compliance,2020-09-01,Incomplete
790,1410,Leadership,2024-06-14,Completed
791,1411,Communication,2023-06-18,Incomplete
792,1411,Technical,2022-05-28,Incomplete
793,1411,Technical,2023-06-11,Completed
794,1411,Technical,2022-10-31,Incomplete
795,1412,Technical,2024-09-21,Completed
796,1413,Leadership,2024-03-02,Completed
797,1413,Leadership,2021-03-16,Incomplete
798,1413,Leadership,2021-04-28,Incomplete
799,1413,Technical,2024-02-25,Completed
800,1414,Leadership,2024-01-19,Completed
801,1415,Technical,2022-10-30,Completed
802,1419,Technical,2025-03-26,Completed
803,1423,Communication,2023-12-17,Incomplete
804,1423,Communication,2025-02-11,Incomplete
805,1423,Leadership,2021-11-15,Completed
806,1423,Leadership,2022-02-03,Incomplete
807,1424,Leadership,2022-09-19,Completed
808,1424,Leadership,2022-07-18,Incomplete
809,1424,Technical,2025-01-06,Incomplete
810,1425,Leadership,2022-12-05,Incomplete
811,1425,Leadership,2024-12-15,Completed
812,1425,Compliance,2021-09-30,Incomplete
813,1426,Leadership,2022-06-16,Completed
814,1427,Compliance,2023-03-16,Incomplete
815,1427,Technical,2023-01-09,Completed
816,1427,Compliance,2025-04-01,Incomplete
817,1428,Compliance,2020-10-27,Completed
818,1428,Leadership,2022-04-15,Completed
819,1428,Technical,2023-10-10,Completed
820,1429,Communication,2023-02-13,Completed
821,1429,Leadership,2021-10-06,Incomplete
822,1429,Compliance,2021-05-18,Incomplete
823,1430,Communication,2025-06-09,Incomplete
824,1430,Leadership,2024-04-01,Incomplete
825,1430,Leadership,2023-08-25,Completed
826,1430,Communication,2024-11-24,Incomplete
827,1431,Communication,2023-03-11,Incomplete
828,1431,Leadership,2021-03-06,Completed
829,1431,Leadership,2021-07-08,Incomplete
830,1432,Compliance,2021-07-17,Completed
831,1432,Leadership,2020-09-18,Completed
832,1433,Leadership,2023-05-26,Incomplete
833,1433,Compliance,2024-12-01,Completed
834,1434,Compliance,2022-09-30,Incomplete
835,1434,Leadership,2023-03-05,Completed
836,1434,Compliance,2025-02-16,Completed
837,1435,Communication,2022-08-14,Completed
838,1435,Compliance,2021-12-23,Completed
839,1435,Communication,2024-04-30,Incomplete
840,1436,Communication,2024-12-12,Incomplete
841,1438,Technical,2023-01-21,Incomplete
842,1438,Leadership,2022-04-27,Incomplete
843,1438,Communication,2021-05-21,Completed
844,1438,Compliance,2021-02-22,Completed
845,1439,Communication,2020-12-08,Completed
846,1439,Compliance,2024-12-06,Incomplete
847,1441,Communication,2021-01-15,Incomplete
848,1441,Leadership,2024-12-10,Completed
849,1441,Technical,2023-09-21,Completed
850,1441,Leadership,2024-08-11,Completed
851,1442,Compliance,2021-05-12,Incomplete
852,1442,Technical,2024-03-07,Incomplete
853,1442,Leadership,2025-04-28,Incomplete
854,1444,Leadership,2023-10-17,Incomplete
855,1444,Technical,2022-07-05,Completed
856,1444,Communication,2022-06-15,Incomplete
857,1444,Compliance,2021-10-12,Incomplete
858,1446,Communication,2021-09-08,Incomplete
859,1446,Compliance,2025-02-28,Completed
860,1446,Technical,2022-05-06,Incomplete
861,1447,Communication,2024-06-30,Completed
862,1447,Leadership,2023-03-23,Completed
863,1448,Technical,2021-11-27,Incomplete
864,1448,Leadership,2025-04-28,Incomplete
865,1448,Technical,2022-08-08,Incomplete
866,1448,Compliance,2022-03-07,Completed
867,1449,Technical,2021-02-23,Incomplete
868,1450,Leadership,2023-02-26,Incomplete
869,1450,Leadership,2021-08-30,Incomplete
870,1451,Compliance,2024-09-20,Completed
871,1451,Leadership,2024-05-28,Incomplete
872,1452,Compliance,2024-02-03,Incomplete
873,1452,Leadership,2021-11-27,Incomplete
874,1453,Technical,2022-03-21,Completed
875,1453,Technical,2021-10-21,Completed
876,1453,Compliance,2022-03-01,Incomplete
877,1455,Leadership,2022-12-30,Completed
878,1455,Leadership,2022-11-02,Incomplete
879,1455,Technical,2025-03-22,Incomplete
880,1455,Communication,2025-02-13,Incomplete
881,1457,Technical,2022-10-28,Completed
882,1457,Technical,2020-12-20,Incomplete
883,1457,Communication,2023-07-08,Completed
884,1458,Technical,2023-08-26,Incomplete
885,1458,Compliance,2021-04-03,Completed
886,1458,Leadership,2020-12-17,Completed
887,1458,Communication,2021-11-21,Completed
888,1459,Compliance,2023-09-28,Incomplete
889,1460,Leadership,2024-02-25,Completed
890,1461,Leadership,2024-01-03,Incomplete
891,1461,Compliance,2023-08-23,Completed
892,1461,Communication,2024-11-21,Completed
893,1463,Leadership,2025-05-22,Completed
894,1463,Leadership,2022-01-02,Incomplete
895,1465,Technical,2025-03-14,Incomplete
896,1465,Leadership,2025-01-05,Completed
897,1465,Compliance,2023-06-29,Completed
898,1465,Communication,2022-10-17,Completed
899,1467,Technical,2024-09-21,Incomplete
900,1467,Leadership,2022-06-18,Completed
901,1468,Leadership,2021-01-17,Completed
902,1469,Leadership,2023-01-23,Incomplete
903,1469,Compliance,2022-12-08,Completed
904,1469,Leadership,2021-12-09,Incomplete
905,1470,Leadership,2021-05-31,Incomplete
906,1470,Compliance,2025-03-07,Incomplete
907,1471,Technical,2022-02-08,Incomplete
908,1472,Technical,2021-12-10,Incomplete
909,1472,Compliance,2020-08-06,Completed
910,1472,Compliance,2021-02-13,Incomplete
911,1473,Leadership,2020-10-22,Incomplete
912,1473,Leadership,2024-03-21,Completed
913,1473,Communication,2021-05-13,Completed
914,1474,Leadership,2022-06-19,Completed
915,1474,Leadership,2024-12-11,Completed
916,1475,Compliance,2021-11-20,Completed
917,1475,Technical,2025-02-05,Incomplete
918,1476,Communication,2021-08-25,Completed
919,1476,Technical,2025-07-05,Completed
920,1476,Communication,2023-08-01,Incomplete
921,1476,Technical,2024-04-26,Incomplete
922,1477,Compliance,2024-04-05,Completed
923,1477,Compliance,2023-09-07,Completed
924,1477,Communication,2022-04-22,Completed
925,1478,Compliance,2024-08-14,Incomplete
926,1478,Leadership,2023-01-13,Incomplete
927,1478,Communication,2022-02-26,Completed
928,1479,Technical,2022-08-02,Incomplete
929,1479,Compliance,2021-12-01,Completed
930,1479,Compliance,2023-03-25,Completed
931,1479,Compliance,2022-08-04,Completed
932,1480,Compliance,2023-05-26,Incomplete
933,1480,Technical,2025-05-20,Completed
934,1480,Compliance,2023-07-09,Incomplete
935,1482,Communication,2024-12-16,Incomplete
936,1482,Leadership,2023-05-08,Incomplete
937,1482,Compliance,2021-02-04,Incomplete
938,1483,Compliance,2024-02-19,Incomplete
939,1483,Leadership,2022-09-15,Incomplete
940,1483,Communication,2024-07-27,Completed
941,1483,Technical,2020-09-28,Completed
942,1485,Leadership,2024-12-05,Incomplete
943,1485,Compliance,2020-12-26,Completed
944,1485,Leadership,2024-10-30,Incomplete
945,1485,Compliance,2023-09-02,Completed
946,1486,Leadership,2021-01-04,Completed
947,1486,Leadership,2025-05-13,Completed
948,1486,Leadership,2022-11-05,Incomplete
949,1486,Communication,2023-04-17,Completed
950,1487,Leadership,2025-02-22,Completed
951,1487,Compliance,2022-06-02,Incomplete
952,1487,Communication,2025-07-04,Incomplete
953,1487,Leadership,2024-07-19,Completed
954,1488,Leadership,2021-09-02,Incomplete
955,1489,Compliance,2025-03-19,Completed
956,1489,Compliance,2022-11-04,Incomplete
957,1489,Leadership,2023-07-19,Completed
958,1489,Leadership,2023-02-04,Completed
959,1490,Technical,2023-11-01,Incomplete
960,1491,Compliance,2022-06-14,Completed
961,1491,Leadership,2025-04-24,Completed
962,1492,Leadership,2025-03-28,Completed
963,1492,Compliance,2023-10-23,Completed
964,1492,Compliance,2022-04-16,Completed
965,1493,Compliance,2020-11-10,Incomplete
966,1494,Compliance,2020-09-08,Completed
967,1494,Communication,2021-11-09,Incomplete
968,1494,Leadership,2023-09-13,Incomplete
969,1496,Technical,2025-03-30,Completed
970,1496,Communication,2024-08-01,Completed
971,1496,Compliance,2022-05-04,Incomplete
972,1498,Leadership,2021-02-09,Completed
973,1500,Compliance,2020-07-12,Completed
974,1500,Compliance,2022-07-19,Completed
975,1500,Technical,2022-11-08,Completed
976,1502,Compliance,2020-07-16,Completed
977,1502,Leadership,2024-07-17,Completed
978,1503,Leadership,2024-10-13,Incomplete
979,1503,Leadership,2025-02-28,Completed
980,1503,Compliance,2024-02-16,Completed
981,1504,Compliance,2021-01-18,Completed
982,1505,Compliance,2021-01-12,Incomplete
983,1505,Technical,2024-10-08,Incomplete
984,1505,Compliance,2020-12-11,Completed
985,1505,Leadership,2023-09-30,Incomplete
986,1506,Leadership,2022-04-09,Completed
987,1506,Leadership,2023-05-08,Incomplete
988,1506,Communication,2024-03-08,Completed
989,1508,Communication,2022-12-21,Completed
990,1508,Leadership,2024-06-28,Incomplete
991,1508,Communication,2025-06-14,Incomplete
992,1509,Leadership,2022-12-18,Completed
993,1509,Communication,2025-02-03,Incomplete
994,1510,Technical,2020-11-20,Completed
995,1511,Compliance,2025-03-12,Incomplete
996,1511,Compliance,2025-01-16,Completed
997,1511,Leadership,2021-07-25,Completed
998,1511,Communication,2023-02-22,Incomplete
999,1512,Communication,2022-03-16,Completed
1000,1512,Compliance,2022-12-04,Incomplete
1001,1512,Leadership,2022-12-17,Completed
1002,1513,Compliance,2022-05-31,Completed
1003,1515,Technical,2023-01-09,Incomplete
1004,1515,Compliance,2024-10-27,Incomplete
1005,1515,Technical,2024-09-08,Incomplete
1006,1516,Compliance,2023-04-10,Completed
1007,1517,Compliance,2025-05-01,Completed
1008,1517,Leadership,2022-09-02,Completed
1009,1517,Technical,2020-09-29,Completed
1010,1518,Compliance,2021-11-02,Incomplete
1011,1523,Leadership,2021-09-07,Incomplete
1012,1523,Leadership,2022-11-20,Incomplete
1013,1523,Technical,2021-06-03,Completed
1014,1523,Communication,2024-11-18,Incomplete
1015,1524,Leadership,2025-05-19,Completed
1016,1527,Communication,2020-11-11,Incomplete
1017,1527,Technical,2022-07-08,Completed
1018,1527,Leadership,2022-03-22,Incomplete
1019,1528,Communication,2022-09-22,Incomplete
1020,1528,Communication,2023-01-08,Incomplete
1021,1529,Technical,2020-12-14,Completed
1022,1529,Technical,2022-02-15,Incomplete
1023,1529,Compliance,2022-11-11,Completed
1024,1529,Communication,2022-03-31,Completed
1025,1530,Technical,2021-03-08,Incomplete
1026,1531,Leadership,2023-02-14,Completed
1027,1532,Compliance,2021-07-08,Incomplete
1028,1532,Technical,2023-06-23,Completed
1029,1532,Compliance,2022-12-24,Incomplete
1030,1533,Leadership,2021-03-17,Completed
1031,1533,Leadership,2020-08-01,Incomplete
1032,1533,Leadership,2024-06-19,Completed
1033,1534,Technical,2020-08-15,Completed
1034,1534,Leadership,2024-11-02,Completed
1035,1535,Communication,2021-08-08,Completed
1036,1537,Technical,2025-06-28,Completed
1037,1537,Compliance,2021-07-06,Completed
1038,1537,Communication,2021-01-27,Completed
1039,1537,Compliance,2023-08-13,Completed
1040,1538,Leadership,2021-04-22,Completed
1041,1538,Communication,2021-06-23,Completed
1042,1538,Compliance,2022-10-10,Incomplete
1043,1539,Leadership,2021-06-29,Incomplete
1044,1539,Communication,2024-05-13,Incomplete
1045,1539,Technical,2020-12-26,Completed
1046,1539,Communication,2024-06-14,Completed
1047,1541,Technical,2022-12-12,Incomplete
1048,1541,Technical,2023-11-16,Completed
1049,1542,Communication,2022-09-22,Completed
1050,1542,Communication,2022-03-16,Completed
1051,1542,Compliance,2021-11-04,Incomplete
1052,1542,Compliance,2022-06-13,Completed
1053,1544,Technical,2025-02-21,Completed
1054,1544,Communication,2022-05-14,Completed
1055,1544,Leadership,2021-09-08,Completed
1056,1544,Technical,2022-12-29,Completed
1057,1545,Compliance,2020-12-24,Completed
1058,1545,Technical,2025-01-01,Completed
1059,1545,Technical,2025-02-18,Completed
1060,1545,Compliance,2022-11-09,Completed
1061,1546,Compliance,2023-03-03,Incomplete
1062,1546,Compliance,2022-10-04,Completed
1063,1547,Leadership,2022-09-10,Completed
1064,1548,Compliance,2024-10-09,Completed
1065,1548,Leadership,2023-05-27,Completed
1066,1548,Leadership,2023-01-20,Completed
1067,1550,Leadership,2022-06-12,Incomplete
1068,1551,Technical,2025-05-20,Completed
1069,1552,Communication,2023-01-04,Incomplete
1070,1553,Technical,2022-08-24,Completed
1071,1553,Technical,2023-08-02,Incomplete
1072,1554,Leadership,2024-06-22,Completed
1073,1555,Leadership,2024-09-13,Incomplete
1074,1555,Compliance,2023-04-07,Completed
1075,1555,Communication,2024-09-29,Incomplete
1076,1555,Communication,2024-07-24,Completed
1077,1558,Technical,2024-04-09,Incomplete
1078,1558,Communication,2022-12-31,Incomplete
1079,1559,Communication,2022-10-30,Completed
1080,1559,Technical,2023-02-16,Completed
1081,1562,Leadership,2023-06-18,Incomplete
1082,1564,Compliance,2022-07-30,Incomplete
1083,1564,Leadership,2025-03-11,Completed
1084,1564,Technical,2020-11-11,Completed
1085,1566,Technical,2024-03-30,Incomplete
1086,1566,Leadership,2021-07-06,Incomplete
1087,1567,Technical,2024-04-16,Completed
1088,1567,Leadership,2024-04-12,Completed
1089,1567,Leadership,2023-08-15,Incomplete
1090,1568,Leadership,2022-05-29,Completed
1091,1568,Compliance,2024-11-16,Incomplete
1092,1568,Compliance,2021-08-17,Incomplete
1093,1569,Communication,2020-12-18,Completed
1094,1569,Communication,2024-02-11,Completed
1095,1569,Communication,2021-02-14,Completed
1096,1571,Communication,2023-12-10,Incomplete
1097,1571,Compliance,2024-05-31,Completed
1098,1571,Compliance,2022-08-20,Incomplete
1099,1571,Compliance,2021-08-21,Incomplete
1100,1573,Communication,2022-06-02,Incomplete
1101,1573,Technical,2024-04-16,Incomplete
1102,1573,Technical,2020-08-16,Completed
1103,1574,Communication,2020-12-07,Incomplete
1104,1574,Leadership,2021-05-28,Incomplete
1105,1574,Communication,2023-06-25,Completed
1106,1574,Communication,2020-07-31,Completed
1107,1575,Technical,2021-02-07,Incomplete
1108,1576,Communication,2025-05-02,Completed
1109,1578,Technical,2022-06-23,Incomplete
1110,1578,Technical,2024-05-14,Incomplete
1111,1579,Compliance,2023-07-27,Incomplete
1112,1580,Technical,2020-09-18,Completed
1113,1580,Leadership,2022-09-15,Incomplete
1114,1581,Leadership,2021-08-26,Incomplete
1115,1581,Technical,2021-01-25,Completed
1116,1581,Compliance,2020-07-16,Completed
1117,1581,Communication,2023-07-19,Incomplete
1118,1582,Technical,2022-02-25,Incomplete
1119,1583,Technical,2024-06-24,Incomplete
1120,1584,Technical,2024-09-17,Incomplete
1121,1584,Leadership,2021-10-06,Incomplete
1122,1584,Technical,2020-12-08,Completed
1123,1585,Compliance,2024-07-24,Completed
1124,1587,Leadership,2024-12-02,Completed
1125,1588,Communication,2024-09-14,Incomplete
1126,1588,Leadership,2021-06-17,Incomplete
1127,1589,Compliance,2022-04-01,Incomplete
1128,1589,Communication,2021-09-14,Incomplete
1129,1590,Compliance,2024-07-17,Incomplete
1130,1590,Communication,2022-08-04,Incomplete
1131,1590,Compliance,2021-01-03,Completed
1132,1591,Technical,2020-12-17,Incomplete
1133,1591,Compliance,2023-02-27,Incomplete
1134,1592,Communication,2025-04-09,Incomplete
1135,1592,Communication,2020-10-12,Completed
1136,1593,Technical,2023-07-29,Incomplete
1137,1593,Technical,2020-07-09,Completed
1138,1593,Technical,2025-06-19,Incomplete
1139,1594,Compliance,2022-07-19,Completed
1140,1594,Leadership,2024-05-19,Incomplete
1141,1595,Compliance,2023-10-29,Completed
1142,1595,Compliance,2022-07-17,Completed
1143,1595,Communication,2021-09-05,Completed
1144,1595,Compliance,2020-12-08,Incomplete
1145,1596,Communication,2022-03-26,Incomplete
1146,1596,Compliance,2021-03-18,Incomplete
1147,1596,Technical,2024-12-15,Completed
1148,1596,Technical,2020-08-11,Completed
1149,1597,Compliance,2020-12-23,Completed
1150,1597,Technical,2024-05-13,Incomplete
1151,1597,Leadership,2021-08-15,Incomplete
1152,1598,Communication,2022-04-19,Completed
1153,1599,Leadership,2021-11-14,Incomplete
1154,1599,Technical,2023-03-02,Completed
1155,1600,Communication,2025-03-19,Completed
1156,1601,Compliance,2022-12-06,Incomplete
1157,1601,Technical,2020-09-07,Completed
1158,1602,Communication,2025-06-10,Completed
1159,1602,Communication,2020-09-12,Completed
1160,1602,Leadership,2024-12-30,Completed
1161,1604,Leadership,2021-06-29,Incomplete
1162,1604,Compliance,2023-01-29,Completed
1163,1604,Technical,2023-06-18,Completed
1164,1604,Leadership,2025-03-06,Incomplete
1165,1605,Communication,2021-07-16,Completed
1166,1605,Compliance,2023-06-01,Incomplete
1167,1605,Technical,2021-07-04,Completed
1168,1605,Compliance,2021-11-22,Incomplete
1169,1606,Communication,2021-07-06,Incomplete
1170,1607,Compliance,2021-04-10,Incomplete
1171,1607,Leadership,2021-05-17,Completed
1172,1608,Technical,2025-06-11,Completed
1173,1608,Leadership,2020-10-23,Incomplete
1174,1608,Compliance,2022-10-16,Completed
1175,1609,Communication,2024-09-16,Incomplete
1176,1610,Technical,2024-10-26,Incomplete
1177,1610,Communication,2025-01-04,Incomplete
1178,1610,Communication,2024-08-18,Completed
1179,1611,Communication,2023-11-14,Completed
1180,1613,Leadership,2024-07-13,Completed
1181,1613,Compliance,2022-02-05,Completed
1182,1614,Leadership,2023-06-21,Completed
1183,1614,Compliance,2020-09-25,Incomplete
1184,1614,Leadership,2022-04-14,Completed
1185,1616,Communication,2024-05-26,Completed
1186,1617,Leadership,2021-04-10,Incomplete
1187,1618,Compliance,2022-09-23,Incomplete
1188,1619,Leadership,2022-03-05,Incomplete
1189,1621,Compliance,2020-08-16,Completed
1190,1621,Leadership,2021-12-11,Completed
1191,1621,Communication,2022-11-29,Completed
1192,1621,Communication,2025-05-02,Completed
1193,1623,Leadership,2021-05-20,Completed
1194,1624,Compliance,2022-04-13,Incomplete
1195,1624,Technical,2021-10-27,Incomplete
1196,1624,Technical,2025-04-24,Completed
1197,1625,Technical,2021-07-21,Incomplete
1198,1625,Technical,2023-04-29,Incomplete
1199,1625,Technical,2023-08-11,Incomplete
1200,1625,Compliance,2021-08-14,Completed
1201,1626,Technical,2025-07-03,Completed
1202,1627,Communication,2021-04-28,Completed
1203,1628,Technical,2021-04-11,Completed
1204,1628,Leadership,2023-05-08,Incomplete
1205,1628,Compliance,2023-02-03,Incomplete
1206,1628,Technical,2021-07-07,Incomplete
1207,1629,Technical,2023-09-02,Completed
1208,1630,Communication,2021-02-05,Completed
1209,1630,Compliance,2024-04-13,Completed
1210,1630,Communication,2021-12-06,Incomplete
1211,1633,Communication,2024-09-10,Completed
1212,1633,Technical,2022-02-05,Incomplete
1213,1633,Communication,2022-08-07,Completed
1214,1633,Technical,2021-06-07,Completed
1215,1634,Leadership,2021-05-29,Completed
1216,1634,Leadership,2022-01-09,Incomplete
1217,1634,Leadership,2022-01-14,Completed
1218,1635,Leadership,2022-11-23,Incomplete
1219,1635,Technical,2023-12-31,Completed
1220,1635,Leadership,2020-09-21,Incomplete
1221,1636,Compliance,2021-03-11,Incomplete
1222,1636,Communication,2022-08-06,Incomplete
1223,1636,Technical,2023-08-12,Incomplete
1224,1637,Compliance,2025-02-24,Completed
1225,1637,Technical,2020-12-25,Completed
1226,1637,Technical,2023-11-02,Completed
1227,1638,Technical,2022-12-17,Completed
1228,1640,Compliance,2021-01-11,Incomplete
1229,1640,Technical,2022-05-26,Incomplete
1230,1640,Technical,2025-07-03,Completed
1231,1640,Technical,2025-03-08,Incomplete
1232,1641,Leadership,2021-11-25,Incomplete
1233,1641,Technical,2021-01-13,Incomplete
1234,1641,Technical,2022-01-13,Incomplete
1235,1643,Technical,2020-07-23,Incomplete
1236,1643,Technical,2021-12-08,Completed
1237,1643,Leadership,2024-04-02,Completed
1238,1644,Communication,2022-03-17,Incomplete
1239,1644,Compliance,2023-04-18,Completed
1240,1645,Leadership,2023-06-10,Incomplete
1241,1646,Technical,2022-08-23,Incomplete
1242,1646,Leadership,2021-06-06,Incomplete
1243,1647,Leadership,2025-02-21,Completed
1244,1648,Communication,2023-07-06,Completed
1245,1649,Leadership,2024-10-03,Incomplete
1246,1649,Communication,2024-03-19,Completed
1247,1649,Communication,2023-04-07,Incomplete
1248,1650,Leadership,2021-10-23,Incomplete
1249,1650,Compliance,2022-12-12,Incomplete
1250,1650,Leadership,2022-01-14,Incomplete
1251,1651,Compliance,2024-04-05,Completed
1252,1651,Technical,2024-07-30,Completed
1253,1652,Leadership,2025-02-26,Incomplete
1254,1652,Compliance,2024-08-11,Completed
1255,1654,Compliance,2023-01-23,Incomplete
1256,1654,Communication,2020-11-05,Incomplete
1257,1654,Leadership,2021-04-03,Completed
1258,1654,Communication,2021-06-27,Completed
1259,1655,Compliance,2022-06-16,Incomplete
1260,1655,Communication,2023-07-24,Incomplete
1261,1655,Technical,2025-07-02,Completed
1262,1655,Communication,2021-11-27,Completed
1263,1656,Leadership,2022-12-04,Incomplete
1264,1657,Communication,2022-12-30,Completed
1265,1660,Communication,2025-03-06,Completed
1266,1660,Technical,2020-12-21,Completed
1267,1660,Technical,2025-05-15,Incomplete
1268,1660,Leadership,2022-12-24,Completed
1269,1661,Technical,2023-04-17,Incomplete
1270,1661,Communication,2021-06-18,Incomplete
1271,1661,Communication,2021-02-26,Incomplete
1272,1661,Leadership,2022-08-30,Incomplete
1273,1662,Leadership,2021-06-04,Completed
1274,1663,Communication,2021-03-03,Incomplete
1275,1663,Technical,2021-12-23,Completed
1276,1663,Technical,2025-06-03,Completed
1277,1664,Communication,2025-06-27,Completed
1278,1664,Communication,2023-01-16,Incomplete
1279,1664,Communication,2025-03-03,Incomplete
1280,1665,Technical,2021-04-23,Completed
1281,1665,Compliance,2023-02-02,Completed
1282,1667,Leadership,2023-09-17,Incomplete
1283,1667,Compliance,2025-05-04,Incomplete
1284,1667,Technical,2025-06-30,Completed
1285,1667,Compliance,2020-10-31,Completed
1286,1668,Leadership,2024-07-31,Completed
1287,1670,Leadership,2023-04-08,Completed
1288,1671,Leadership,2020-09-10,Incomplete
1289,1671,Communication,2022-10-28,Incomplete
1290,1672,Compliance,2024-02-11,Incomplete
1291,1672,Compliance,2023-05-22,Incomplete
1292,1676,Communication,2024-02-15,Incomplete
1293,1677,Compliance,2022-02-14,Incomplete
1294,1677,Communication,2023-11-18,Incomplete
1295,1677,Communication,2024-09-26,Incomplete
1296,1678,Communication,2025-01-13,Incomplete
1297,1678,Compliance,2023-03-19,Completed
1298,1678,Communication,2020-08-21,Completed
1299,1678,Communication,2021-12-15,Incomplete
1300,1679,Leadership,2025-01-14,Incomplete
1301,1679,Compliance,2021-06-06,Completed
1302,1679,Leadership,2023-04-25,Incomplete
1303,1680,Compliance,2022-01-18,Incomplete
1304,1681,Communication,2022-05-18,Completed
1305,1683,Communication,2022-01-15,Incomplete
1306,1683,Communication,2025-04-15,Completed
1307,1683,Communication,2022-02-20,Incomplete
1308,1683,Leadership,2021-07-09,Completed
1309,1684,Compliance,2023-11-14,Completed
1310,1684,Communication,2024-11-16,Completed
1311,1684,Compliance,2025-06-24,Completed
1312,1684,Leadership,2024-12-12,Incomplete
1313,1685,Communication,2025-01-19,Completed
1314,1685,Technical,2021-12-16,Incomplete
1315,1685,Compliance,2024-04-08,Completed
1316,1685,Technical,2023-12-10,Completed
1317,1686,Communication,2024-09-20,Completed
1318,1686,Communication,2024-11-24,Incomplete
1319,1686,Technical,2023-06-13,Completed
1320,1687,Compliance,2024-08-16,Incomplete
1321,1687,Communication,2023-11-26,Incomplete
1322,1688,Communication,2023-10-04,Incomplete
1323,1688,Technical,2021-08-15,Incomplete
1324,1689,Compliance,2021-01-12,Incomplete
1325,1689,Technical,2022-07-05,Incomplete
1326,1690,Leadership,2023-05-23,Incomplete
1327,1690,Leadership,2022-07-25,Incomplete
1328,1691,Technical,2021-05-01,Completed
1329,1691,Compliance,2025-02-19,Incomplete
1330,1691,Communication,2021-09-06,Incomplete
1331,1691,Technical,2022-12-15,Incomplete
1332,1692,Compliance,2023-07-04,Completed
1333,1692,Technical,2022-04-30,Completed
1334,1692,Technical,2021-02-10,Completed
1335,1693,Compliance,2023-08-03,Incomplete
1336,1693,Technical,2023-07-09,Incomplete
1337,1693,Technical,2020-09-23,Incomplete
1338,1693,Leadership,2024-11-18,Completed
1339,1694,Leadership,2023-03-23,Completed
1340,1695,Communication,2022-02-12,Completed
1341,1695,Leadership,2021-08-14,Completed
1342,1695,Leadership,2024-07-02,Incomplete
1343,1695,Leadership,2021-04-26,Incomplete
1344,1696,Compliance,2020-07-12,Incomplete
1345,1696,Technical,2024-05-08,Incomplete
1346,1697,Compliance,2023-11-14,Incomplete
1347,1697,Communication,2023-01-30,Completed
1348,1697,Technical,2022-06-22,Completed
1349,1698,Leadership,2021-05-11,Completed
1350,1699,Compliance,2023-11-10,Incomplete
1351,1699,Compliance,2022-04-29,Incomplete
1352,1701,Technical,2022-01-02,Completed
1353,1703,Compliance,2025-03-20,Completed
1354,1704,Leadership,2025-02-17,Completed
1355,1705,Compliance,2022-01-28,Incomplete
1356,1705,Compliance,2021-09-12,Incomplete
1357,1705,Technical,2022-12-27,Incomplete
1358,1706,Compliance,2020-08-07,Incomplete
1359,1706,Leadership,2025-05-15,Incomplete
1360,1706,Leadership,2023-06-06,Completed
1361,1706,Leadership,2022-12-23,Incomplete
1362,1707,Compliance,2021-04-25,Completed
1363,1707,Compliance,2024-03-09,Incomplete
1364,1708,Communication,2023-12-07,Completed
1365,1708,Leadership,2021-06-18,Completed
1366,1708,Technical,2025-04-26,Incomplete
1367,1710,Compliance,2020-11-12,Completed
1368,1711,Communication,2021-07-02,Completed
1369,1712,Leadership,2021-01-10,Completed
1370,1713,Compliance,2023-05-02,Incomplete
1371,1714,Technical,2025-03-28,Incomplete
1372,1714,Communication,2022-07-31,Completed
1373,1717,Technical,2023-03-05,Incomplete
1374,1717,Communication,2021-08-06,Incomplete
1375,1718,Leadership,2024-03-09,Completed
1376,1718,Compliance,2023-02-24,Completed
1377,1718,Compliance,2022-04-04,Incomplete
1378,1718,Leadership,2021-06-26,Completed
1379,1720,Communication,2023-10-21,Incomplete
1380,1720,Leadership,2022-12-01,Incomplete
1381,1720,Compliance,2024-02-28,Completed
1382,1722,Technical,2021-03-30,Incomplete
1383,1722,Leadership,2024-06-03,Completed
1384,1723,Compliance,2020-09-20,Completed
1385,1724,Technical,2022-02-04,Incomplete
1386,1725,Communication,2021-05-08,Incomplete
1387,1725,Technical,2022-10-07,Incomplete
1388,1725,Compliance,2022-08-15,Completed
1389,1726,Technical,2024-03-15,Completed
1390,1727,Technical,2024-10-23,Completed
1391,1727,Leadership,2022-09-15,Completed
1392,1727,Leadership,2023-12-09,Completed
1393,1727,Compliance,2021-12-31,Incomplete
1394,1728,Leadership,2024-04-16,Completed
1395,1728,Technical,2021-10-22,Completed
1396,1728,Technical,2020-08-21,Completed
1397,1728,Technical,2022-08-11,Completed
1398,1729,Communication,2021-07-16,Incomplete
1399,1729,Communication,2025-01-29,Completed
1400,1731,Communication,2024-09-02,Incomplete
1401,1731,Leadership,2021-04-07,Incomplete
1402,1731,Communication,2023-04-21,Completed
1403,1732,Compliance,2024-09-25,Incomplete
1404,1732,Technical,2023-11-12,Completed
1405,1732,Technical,2023-02-05,Incomplete
1406,1733,Technical,2020-12-24,Completed
1407,1733,Leadership,2021-10-06,Completed
1408,1734,Compliance,2022-04-22,Incomplete
1409,1735,Technical,2022-04-28,Completed
1410,1736,Compliance,2024-04-30,Completed
1411,1738,Compliance,2024-06-13,Incomplete
1412,1740,Leadership,2021-01-08,Completed
1413,1740,Communication,2021-01-31,Completed
1414,1740,Technical,2021-07-15,Completed
1415,1740,Compliance,2022-07-03,Completed
1416,1741,Leadership,2022-08-15,Incomplete
1417,1741,Communication,2022-09-27,Incomplete
1418,1742,Communication,2023-02-25,Completed
1419,1742,Communication,2023-08-18,Incomplete
1420,1742,Compliance,2022-04-19,Incomplete
1421,1742,Communication,2023-08-09,Completed
1422,1743,Technical,2021-09-30,Incomplete
1423,1743,Leadership,2021-03-18,Incomplete
1424,1743,Compliance,2020-08-25,Completed
1425,1743,Communication,2021-01-10,Completed
1426,1744,Technical,2020-10-16,Incomplete
1427,1744,Leadership,2022-09-26,Completed
1428,1744,Technical,2024-02-23,Incomplete
1429,1745,Leadership,2025-01-16,Incomplete
1430,1745,Communication,2024-02-12,Incomplete
1431,1745,Compliance,2021-02-05,Incomplete
1432,1745,Technical,2024-06-18,Completed
1433,1746,Technical,2022-05-22,Completed
1434,1746,Communication,2025-05-23,Completed
1435,1746,Technical,2020-10-10,Completed
1436,1747,Leadership,2025-02-02,Completed
1437,1750,Communication,2024-09-19,Completed
1438,1750,Technical,2024-08-06,Incomplete
1439,1750,Communication,2024-12-31,Completed
1440,1750,Leadership,2021-01-09,Incomplete
1441,1752,Compliance,2023-03-02,Completed
1442,1752,Technical,2021-06-18,Completed
1443,1752,Compliance,2020-12-20,Completed
1444,1753,Compliance,2022-09-13,Incomplete
1445,1753,Technical,2025-04-27,Incomplete
1446,1753,Leadership,2021-08-28,Incomplete
1447,1753,Leadership,2024-12-17,Completed
1448,1754,Technical,2022-10-15,Incomplete
1449,1755,Compliance,2024-10-26,Completed
1450,1755,Technical,2020-12-31,Incomplete
1451,1755,Technical,2021-04-05,Completed
1452,1757,Compliance,2023-02-08,Completed
1453,1757,Technical,2023-11-26,Completed
1454,1758,Technical,2021-12-21,Incomplete
1455,1758,Compliance,2022-11-23,Incomplete
1456,1758,Communication,2023-07-22,Completed
1457,1759,Leadership,2021-01-31,Completed
1458,1760,Compliance,2025-02-15,Incomplete
1459,1761,Communication,2022-04-11,Completed
1460,1761,Compliance,2024-09-18,Incomplete
1461,1762,Compliance,2023-09-05,Completed
1462,1762,Compliance,2023-07-19,Incomplete
1463,1762,Leadership,2020-12-25,Completed
1464,1762,Leadership,2024-04-03,Incomplete
1465,1763,Communication,2022-10-16,Incomplete
1466,1763,Leadership,2023-07-04,Incomplete
1467,1763,Technical,2023-10-10,Incomplete
1468,1763,Communication,2024-02-14,Incomplete
1469,1764,Technical,2024-03-15,Incomplete
1470,1764,Communication,2021-04-18,Completed
1471,1764,Technical,2023-03-09,Incomplete
1472,1764,Communication,2020-07-29,Completed
1473,1765,Technical,2020-10-24,Incomplete
1474,1765,Communication,2025-04-13,Incomplete
1475,1766,Technical,2025-01-29,Completed
1476,1766,Compliance,2024-03-23,Completed
1477,1768,Leadership,2024-08-04,Incomplete
1478,1768,Compliance,2024-03-11,Completed
1479,1768,Technical,2022-04-11,Completed
1480,1770,Technical,2022-12-14,Completed
1481,1770,Compliance,2020-07-17,Completed
1482,1772,Communication,2021-08-29,Completed
1483,1772,Leadership,2021-12-24,Completed
1484,1773,Compliance,2024-03-14,Incomplete
1485,1773,Communication,2020-09-06,Completed
1486,1773,Communication,2021-12-07,Completed
1487,1773,Communication,2024-09-23,Completed
1488,1774,Technical,2021-07-14,Incomplete
1489,1774,Technical,2021-12-11,Completed
1490,1774,Communication,2024-02-06,Incomplete
1491,1776,Compliance,2022-12-19,Completed
1492,1776,Compliance,2020-09-23,Completed
1493,1777,Technical,2022-03-17,Completed
1494,1778,Leadership,2022-07-18,Completed
1495,1779,Technical,2025-03-23,Completed
1496,1779,Leadership,2023-07-03,Completed
1497,1780,Technical,2024-11-07,Completed
1498,1781,Leadership,2021-06-03,Incomplete
1499,1782,Leadership,2020-07-21,Incomplete
1500,1782,Technical,2021-11-28,Incomplete
1501,1783,Communication,2024-04-16,Incomplete
1502,1783,Communication,2022-11-25,Incomplete
1503,1783,Leadership,2021-11-30,Completed
1504,1783,Leadership,2020-09-11,Incomplete
1505,1784,Leadership,2022-08-12,Incomplete
1506,1784,Compliance,2025-04-29,Incomplete
1507,1785,Leadership,2021-11-09,Completed
1508,1786,Technical,2021-08-30,Incomplete
1509,1786,Communication,2022-11-30,Incomplete
1510,1786,Technical,2023-01-11,Incomplete
1511,1787,Compliance,2021-07-21,Incomplete
1512,1787,Communication,2025-03-25,Incomplete
1513,1787,Communication,2022-11-10,Incomplete
1514,1787,Leadership,2022-03-17,Incomplete
1515,1788,Technical,2023-07-23,Incomplete
1516,1789,Leadership,2020-08-02,Completed
1517,1790,Technical,2025-05-29,Completed
1518,1790,Leadership,2024-04-01,Completed
1519,1790,Technical,2024-02-03,Completed
1520,1791,Leadership,2022-04-30,Completed
1521,1791,Compliance,2022-12-07,Completed
1522,1792,Compliance,2023-05-28,Completed
1523,1792,Leadership,2020-08-18,Incomplete
1524,1792,Communication,2022-08-02,Completed
1525,1792,Leadership,2024-05-12,Incomplete
1526,1793,Communication,2021-11-17,Completed
1527,1793,Communication,2025-02-12,Incomplete
1528,1793,Leadership,2023-06-27,Completed
1529,1793,Technical,2024-06-13,Completed
1530,1794,Leadership,2024-08-18,Completed
1531,1794,Technical,2023-11-27,Incomplete
1532,1794,Communication,2022-08-02,Incomplete
1533,1794,Leadership,2024-06-15,Completed
1534,1798,Technical,2021-04-20,Completed
1535,1798,Compliance,2023-11-05,Completed
1536,1799,Communication,2021-06-04,Completed
1537,1799,Leadership,2024-12-16,Completed
1538,1799,Compliance,2024-08-25,Completed
1539,1799,Compliance,2021-03-18,Completed
1540,1800,Technical,2024-06-06,Completed
1541,1800,Leadership,2024-06-12,Incomplete
1542,1801,Technical,2021-12-21,Incomplete
1543,1801,Technical,2022-09-27,Completed
1544,1801,Leadership,2023-08-06,Incomplete
1545,1801,Communication,2022-05-02,Incomplete
1546,1802,Communication,2025-06-21,Incomplete
1547,1803,Technical,2024-12-16,Completed
1548,1804,Technical,2020-10-05,Incomplete
1549,1804,Technical,2024-05-06,Completed
1550,1804,Communication,2024-10-26,Incomplete
1551,1804,Leadership,2022-07-25,Incomplete
1552,1806,Communication,2020-09-07,Completed
1553,1806,Communication,2022-12-27,Incomplete
1554,1806,Leadership,2024-03-01,Completed
1555,1806,Communication,2020-12-03,Incomplete
1556,1810,Technical,2022-01-14,Completed
1557,1811,Technical,2020-08-10,Completed
1558,1813,Technical,2023-06-09,Incomplete
1559,1813,Technical,2025-05-11,Incomplete
1560,1813,Leadership,2020-09-10,Incomplete
1561,1813,Compliance,2022-10-31,Completed
1562,1814,Communication,2023-09-11,Incomplete
1563,1814,Communication,2022-12-01,Completed
1564,1814,Leadership,2020-11-25,Incomplete
1565,1815,Technical,2025-03-08,Completed
1566,1815,Leadership,2022-01-29,Incomplete
1567,1816,Leadership,2023-07-21,Completed
1568,1817,Communication,2022-04-17,Incomplete
1569,1817,Leadership,2020-11-16,Incomplete
1570,1817,Leadership,2021-07-04,Incomplete
1571,1818,Communication,2024-10-23,Completed
1572,1818,Compliance,2021-06-09,Incomplete
1573,1818,Communication,2021-06-25,Completed
1574,1818,Leadership,2021-03-31,Completed
1575,1819,Communication,2024-10-27,Incomplete
1576,1819,Communication,2021-10-31,Incomplete
1577,1819,Technical,2025-05-28,Incomplete
1578,1820,Leadership,2020-09-21,Completed
1579,1820,Compliance,2021-02-10,Incomplete
1580,1820,Technical,2021-07-22,Incomplete
1581,1820,Technical,2025-04-07,Incomplete
1582,1821,Technical,2020-10-18,Incomplete
1583,1821,Communication,2022-01-30,Completed
1584,1822,Compliance,2025-03-10,Completed
1585,1822,Leadership,2024-04-04,Incomplete
1586,1822,Compliance,2022-07-04,Incomplete
1587,1823,Communication,2021-07-17,Incomplete
1588,1824,Compliance,2023-12-31,Completed
1589,1824,Communication,2022-06-08,Incomplete
1590,1824,Communication,2022-12-15,Completed
1591,1824,Leadership,2022-07-13,Incomplete
1592,1825,Communication,2021-10-10,Incomplete
1593,1825,Compliance,2022-05-06,Incomplete
1594,1826,Compliance,2022-05-11,Completed
1595,1826,Technical,2020-08-21,Incomplete
1596,1826,Leadership,2020-10-20,Incomplete
1597,1827,Technical,2021-03-10,Incomplete
1598,1827,Communication,2025-04-07,Incomplete
1599,1827,Technical,2021-07-08,Incomplete
1600,1828,Leadership,2025-06-10,Incomplete
1601,1828,Compliance,2024-12-24,Completed
1602,1828,Compliance,2021-06-01,Incomplete
1603,1828,Compliance,2021-04-04,Completed
1604,1829,Technical,2021-01-13,Incomplete
1605,1829,Leadership,2021-03-23,Incomplete
1606,1829,Technical,2022-12-09,Completed
1607,1829,Leadership,2025-01-08,Completed
1608,1830,Technical,2023-11-17,Incomplete
1609,1830,Leadership,2024-09-08,Incomplete
1610,1830,Communication,2022-03-27,Incomplete
1611,1831,Leadership,2021-04-07,Completed
1612,1831,Technical,2025-07-07,Incomplete
1613,1831,Compliance,2021-08-06,Incomplete
1614,1831,Leadership,2024-03-08,Completed
1615,1833,Technical,2021-10-27,Completed
1616,1833,Compliance,2024-07-05,Incomplete
1617,1833,Compliance,2021-06-27,Completed
1618,1833,Communication,2022-09-20,Incomplete
1619,1835,Compliance,2023-07-02,Incomplete
1620,1835,Technical,2020-08-25,Completed
1621,1835,Technical,2020-08-12,Incomplete
1622,1835,Compliance,2023-08-12,Completed
1623,1838,Leadership,2022-03-28,Incomplete
1624,1839,Communication,2025-03-10,Completed
1625,1839,Compliance,2021-10-20,Completed
1626,1839,Leadership,2021-07-18,Incomplete
1627,1840,Compliance,2024-07-11,Completed
1628,1840,Compliance,2023-05-10,Completed
1629,1840,Communication,2025-04-26,Incomplete
1630,1841,Communication,2024-09-15,Completed
1631,1841,Communication,2023-01-17,Completed
1632,1841,Leadership,2023-04-28,Incomplete
1633,1842,Communication,2023-12-02,Completed
1634,1845,Communication,2021-08-29,Incomplete
1635,1848,Compliance,2025-04-29,Incomplete
1636,1849,Compliance,2022-03-04,Completed
1637,1849,Leadership,2021-03-19,Incomplete
1638,1850,Compliance,2023-01-02,Incomplete
1639,1850,Communication,2023-06-26,Incomplete
1640,1850,Compliance,2024-08-29,Completed
1641,1851,Leadership,2024-05-08,Incomplete
1642,1851,Technical,2020-07-30,Completed
1643,1853,Compliance,2021-02-23,Incomplete
1644,1853,Communication,2024-10-10,Completed
1645,1854,Communication,2020-09-11,Completed
1646,1854,Technical,2022-05-23,Completed
1647,1856,Leadership,2023-02-28,Incomplete
1648,1856,Technical,2021-05-12,Completed
1649,1856,Compliance,2024-12-05,Incomplete
1650,1856,Leadership,2025-04-05,Incomplete
1651,1857,Compliance,2025-03-31,Incomplete
1652,1857,Communication,2024-01-30,Incomplete
1653,1857,Compliance,2022-05-15,Incomplete
1654,1858,Technical,2023-03-06,Incomplete
1655,1858,Compliance,2024-04-10,Completed
1656,1860,Technical,2024-04-14,Incomplete
1657,1862,Leadership,2023-04-14,Completed
1658,1862,Compliance,2022-10-28,Incomplete
1659,1862,Compliance,2023-12-21,Completed
1660,1864,Leadership,2022-03-04,Completed
1661,1865,Communication,2024-02-01,Completed
1662,1866,Leadership,2023-11-11,Completed
1663,1867,Technical,2023-08-07,Completed
1664,1867,Communication,2021-01-15,Incomplete
1665,1867,Technical,2022-11-01,Incomplete
1666,1868,Technical,2025-06-19,Incomplete
1667,1868,Compliance,2024-08-21,Incomplete
1668,1869,Compliance,2020-10-18,Completed
1669,1869,Technical,2025-06-03,Incomplete
1670,1869,Technical,2024-02-10,Incomplete
1671,1869,Technical,2024-02-18,Incomplete
1672,1871,Leadership,2022-06-13,Incomplete
1673,1871,Communication,2021-02-25,Incomplete
1674,1871,Leadership,2021-01-01,Incomplete
1675,1874,Leadership,2021-05-22,Completed
1676,1874,Compliance,2025-05-11,Incomplete
1677,1875,Leadership,2023-08-17,Incomplete
1678,1875,Communication,2024-07-06,Incomplete
1679,1875,Compliance,2025-05-12,Incomplete
1680,1875,Communication,2022-12-01,Completed
1681,1876,Technical,2022-10-24,Incomplete
1682,1876,Technical,2021-08-10,Incomplete
1683,1877,Compliance,2024-01-21,Completed
1684,1877,Communication,2022-09-16,Completed
1685,1877,Compliance,2024-06-14,Incomplete
1686,1878,Communication,2024-09-18,Completed
1687,1878,Compliance,2021-03-07,Incomplete
1688,1878,Technical,2020-07-11,Completed
1689,1878,Compliance,2021-04-15,Completed
1690,1879,Leadership,2025-04-03,Completed
1691,1879,Technical,2023-11-02,Completed
1692,1879,Technical,2024-11-24,Incomplete
1693,1882,Technical,2023-01-09,Completed
1694,1883,Leadership,2022-02-27,Incomplete
1695,1883,Technical,2023-02-06,Completed
1696,1883,Compliance,2022-08-29,Completed
1697,1884,Communication,2021-08-26,Completed
1698,1884,Leadership,2025-06-10,Incomplete
1699,1884,Communication,2024-01-30,Completed
1700,1885,Leadership,2021-03-03,Incomplete
1701,1885,Technical,2022-10-18,Completed
1702,1886,Compliance,2024-05-30,Incomplete
1703,1886,Compliance,2020-09-23,Completed
1704,1886,Compliance,2024-07-11,Completed
1705,1887,Leadership,2020-12-30,Completed
1706,1887,Leadership,2021-10-18,Incomplete
1707,1887,Communication,2022-08-11,Incomplete
1708,1888,Compliance,2022-09-09,Incomplete
1709,1889,Communication,2024-02-09,Completed
1710,1889,Communication,2024-07-06,Incomplete
1711,1889,Communication,2025-07-04,Completed
1712,1890,Communication,2020-09-06,Completed
1713,1890,Compliance,2022-07-04,Completed
1714,1890,Technical,2024-06-24,Incomplete
1715,1890,Technical,2023-10-06,Incomplete
1716,1891,Communication,2023-04-11,Incomplete
1717,1891,Compliance,2024-08-19,Completed
1718,1891,Leadership,2023-06-13,Completed
1719,1894,Compliance,2021-10-20,Incomplete
1720,1894,Technical,2021-10-23,Completed
1721,1894,Technical,2021-02-02,Incomplete
1722,1894,Technical,2021-07-29,Completed
1723,1896,Communication,2024-01-30,Incomplete
1724,1896,Compliance,2024-06-03,Completed
1725,1896,Compliance,2024-09-16,Incomplete
1726,1896,Compliance,2024-06-22,Incomplete
1727,1897,Communication,2025-01-27,Incomplete
1728,1897,Communication,2024-02-11,Completed
1729,1897,Compliance,2023-06-15,Incomplete
1730,1897,Compliance,2024-01-29,Incomplete
1731,1898,Technical,2021-10-19,Completed
1732,1898,Leadership,2025-06-06,Completed
1733,1898,Technical,2022-11-25,Completed
1734,1898,Communication,2021-09-09,Incomplete
1735,1899,Leadership,2024-11-22,Completed
1736,1899,Compliance,2025-06-29,Completed
1737,1899,Communication,2023-12-10,Completed
1738,1899,Communication,2022-04-15,Completed
1739,1900,Compliance,2020-12-09,Incomplete
1740,1900,Compliance,2021-08-04,Completed
1741,1901,Technical,2023-06-17,Incomplete
1742,1901,Communication,2023-03-17,Completed
1743,1902,Communication,2024-01-09,Completed
1744,1902,Leadership,2022-06-23,Completed
1745,1902,Technical,2021-01-04,Completed
1746,1902,Technical,2020-09-08,Incomplete
1747,1903,Leadership,2025-01-12,Completed
1748,1903,Technical,2021-01-24,Incomplete
1749,1903,Leadership,2021-09-25,Incomplete
1750,1904,Leadership,2024-12-18,Completed
1751,1904,Technical,2021-03-20,Completed
1752,1905,Communication,2023-08-28,Completed
1753,1905,Compliance,2024-05-29,Incomplete
1754,1905,Technical,2022-03-12,Incomplete
1755,1906,Technical,2021-03-02,Completed
1756,1906,Compliance,2023-07-22,Completed
1757,1906,Compliance,2020-10-26,Completed
1758,1907,Leadership,2022-05-22,Incomplete
1759,1907,Technical,2020-07-10,Completed
1760,1907,Communication,2020-12-02,Completed
1761,1910,Technical,2020-12-15,Completed
1762,1910,Leadership,2025-04-03,Completed
1763,1910,Technical,2022-10-30,Incomplete
1764,1910,Compliance,2022-04-23,Completed
1765,1911,Compliance,2020-07-12,Completed
1766,1911,Technical,2023-07-13,Incomplete
1767,1913,Leadership,2021-10-18,Incomplete
1768,1913,Leadership,2024-04-01,Completed
1769,1913,Leadership,2020-12-19,Incomplete
1770,1913,Compliance,2020-10-28,Completed
1771,1914,Compliance,2024-12-18,Completed
1772,1915,Technical,2022-10-01,Incomplete
1773,1915,Leadership,2021-09-07,Incomplete
1774,1915,Communication,2021-10-17,Completed
1775,1916,Communication,2025-05-03,Completed
1776,1916,Communication,2021-07-31,Completed
1777,1916,Technical,2023-10-31,Incomplete
1778,1917,Communication,2025-06-15,Completed
1779,1917,Technical,2021-12-12,Incomplete
1780,1917,Technical,2024-08-21,Completed
1781,1917,Leadership,2021-11-10,Incomplete
1782,1918,Compliance,2023-07-05,Incomplete
1783,1918,Leadership,2024-07-22,Incomplete
1784,1918,Compliance,2021-02-16,Incomplete
1785,1918,Technical,2020-12-14,Completed
1786,1919,Communication,2022-04-20,Incomplete
1787,1919,Technical,2023-10-17,Incomplete
1788,1920,Technical,2021-04-21,Incomplete
1789,1920,Compliance,2025-05-17,Completed
1790,1920,Leadership,2022-05-25,Incomplete
1791,1920,Compliance,2022-07-26,Completed
1792,1921,Leadership,2024-05-03,Completed
1793,1921,Technical,2025-01-24,Incomplete
1794,1921,Communication,2021-12-14,Completed
1795,1922,Leadership,2024-12-06,Completed
1796,1922,Communication,2020-09-24,Incomplete
1797,1922,Communication,2021-09-07,Completed
1798,1923,Technical,2024-02-29,Incomplete
1799,1923,Technical,2021-04-07,Completed
1800,1924,Compliance,2024-09-03,Incomplete
1801,1924,Leadership,2021-03-02,Incomplete
1802,1924,Leadership,2020-09-27,Completed
1803,1926,Communication,2022-11-06,Incomplete
1804,1926,Technical,2024-03-04,Incomplete
1805,1926,Compliance,2023-04-18,Incomplete
1806,1926,Compliance,2023-02-13,Completed
1807,1927,Leadership,2021-08-26,Completed
1808,1927,Technical,2025-06-27,Completed
1809,1928,Communication,2021-09-17,Completed
1810,1930,Technical,2024-03-05,Incomplete
1811,1930,Communication,2025-03-21,Completed
1812,1931,Technical,2023-05-25,Completed
1813,1931,Compliance,2025-02-07,Incomplete
1814,1931,Compliance,2023-05-18,Incomplete
1815,1933,Technical,2023-05-26,Incomplete
1816,1933,Technical,2022-02-20,Completed
1817,1933,Communication,2021-03-19,Completed
1818,1933,Communication,2020-08-23,Incomplete
1819,1934,Compliance,2023-05-27,Completed
1820,1934,Technical,2022-01-09,Completed
1821,1934,Compliance,2020-08-15,Incomplete
1822,1935,Compliance,2025-01-16,Incomplete
1823,1935,Leadership,2022-02-11,Completed
1824,1936,Communication,2022-03-13,Completed
1825,1936,Communication,2020-10-10,Completed
1826,1937,Compliance,2021-05-29,Completed
1827,1937,Leadership,2023-05-19,Incomplete
1828,1937,Leadership,2023-09-21,Completed
1829,1938,Compliance,2022-05-04,Completed
1830,1938,Technical,2024-12-27,Incomplete
1831,1938,Technical,2021-05-05,Completed
1832,1939,Communication,2022-05-17,Completed
1833,1939,Communication,2021-12-03,Incomplete
1834,1939,Compliance,2022-07-07,Completed
1835,1939,Technical,2023-04-03,Completed
1836,1940,Compliance,2021-03-03,Incomplete
1837,1940,Communication,2024-02-17,Completed
1838,1940,Compliance,2020-09-05,Completed
1839,1941,Leadership,2021-09-22,Completed
1840,1942,Leadership,2024-02-09,Incomplete
1841,1942,Technical,2021-04-27,Incomplete
1842,1942,Leadership,2024-07-02,Completed
1843,1942,Technical,2021-01-28,Incomplete
1844,1943,Compliance,2024-01-16,Incomplete
1845,1944,Leadership,2020-11-19,Incomplete
1846,1946,Technical,2023-07-04,Completed
1847,1947,Leadership,2022-10-03,Incomplete
1848,1947,Communication,2023-06-02,Incomplete
1849,1947,Technical,2022-11-20,Completed
1850,1947,Compliance,2024-05-29,Incomplete
1851,1951,Compliance,2022-09-29,Completed
1852,1951,Technical,2022-11-30,Completed
1853,1951,Compliance,2025-02-09,Incomplete
1854,1952,Leadership,2020-12-14,Completed
1855,1953,Communication,2021-05-23,Incomplete
1856,1953,Leadership,2024-07-26,Completed
1857,1953,Technical,2023-08-18,Incomplete
1858,1953,Communication,2023-11-08,Completed
1859,1954,Communication,2023-09-09,Completed
1860,1954,Communication,2023-01-18,Incomplete
1861,1954,Communication,2020-12-17,Completed
1862,1954,Technical,2020-10-12,Completed
1863,1955,Leadership,2023-08-01,Incomplete
1864,1955,Compliance,2020-10-09,Completed
1865,1956,Compliance,2022-02-11,Completed
1866,1957,Technical,2021-01-31,Completed
1867,1957,Communication,2024-04-27,Completed
1868,1959,Leadership,2021-11-23,Completed
1869,1959,Technical,2021-08-19,Incomplete
1870,1959,Communication,2024-10-11,Incomplete
1871,1959,Leadership,2023-09-28,Incomplete
1872,1960,Leadership,2022-01-14,Incomplete
1873,1962,Communication,2023-12-27,Incomplete
1874,1963,Leadership,2022-04-19,Completed
1875,1966,Compliance,2022-08-13,Completed
1876,1966,Communication,2022-04-16,Incomplete
1877,1966,Technical,2023-01-25,Completed
1878,1966,Compliance,2023-10-02,Completed
1879,1967,Leadership,2024-01-18,Completed
1880,1967,Compliance,2023-01-15,Incomplete
1881,1967,Communication,2021-09-01,Incomplete
1882,1971,Technical,2023-09-25,Completed
1883,1971,Compliance,2021-12-13,Completed
1884,1971,Leadership,2021-08-27,Incomplete
1885,1972,Communication,2024-05-24,Completed
1886,1973,Leadership,2021-03-09,Incomplete
1887,1974,Technical,2024-08-23,Completed
1888,1976,Communication,2024-12-11,Completed
1889,1977,Communication,2023-06-29,Completed
1890,1977,Communication,2024-01-07,Incomplete
1891,1977,Technical,2022-10-06,Completed
1892,1977,Leadership,2021-09-20,Completed
1893,1978,Compliance,2023-12-03,Incomplete
1894,1978,Communication,2023-11-19,Completed
1895,1979,Leadership,2023-06-19,Completed
1896,1979,Leadership,2023-05-05,Incomplete
1897,1979,Leadership,2023-06-11,Incomplete
1898,1980,Compliance,2022-03-21,Completed
1899,1980,Communication,2023-09-14,Completed
1900,1981,Technical,2021-03-18,Incomplete
1901,1982,Technical,2025-04-07,Completed
1902,1982,Compliance,2023-09-24,Completed
1903,1984,Leadership,2021-02-15,Completed
1904,1984,Compliance,2024-11-07,Completed
1905,1984,Technical,2022-09-06,Incomplete
1906,1986,Leadership,2024-07-21,Incomplete
1907,1987,Communication,2024-12-10,Incomplete
1908,1987,Technical,2022-03-13,Incomplete
1909,1988,Leadership,2021-05-20,Completed
1910,1988,Technical,2022-05-02,Incomplete
1911,1988,Compliance,2022-10-08,Incomplete
1912,1988,Leadership,2022-09-20,Completed
1913,1989,Communication,2024-04-28,Incomplete
1914,1991,Compliance,2021-10-02,Completed
1915,1991,Technical,2021-05-16,Incomplete
1916,1991,Compliance,2022-12-21,Incomplete
1917,1992,Compliance,2022-11-26,Completed
1918,1992,Communication,2023-05-22,Completed
1919,1992,Technical,2021-05-24,Completed
1920,1992,Leadership,2022-09-06,Completed
1921,1993,Leadership,2023-07-17,Completed
1922,1993,Communication,2024-08-13,Incomplete
1923,1994,Communication,2021-02-16,Incomplete
1924,1994,Communication,2024-03-15,Incomplete
1925,1995,Communication,2023-02-21,Completed
1926,1995,Technical,2020-12-13,Incomplete
1927,1995,Communication,2022-08-31,Completed
1928,1995,Leadership,2022-01-26,Incomplete
1929,1996,Communication,2024-08-06,Incomplete
1930,1996,Leadership,2021-06-21,Completed
1931,1997,Leadership,2023-02-25,Completed
1932,1997,Leadership,2022-12-24,Incomplete
1933,1997,Compliance,2024-11-26,Completed
1934,1999,Compliance,2023-10-31,Completed
1935,1999,Leadership,2024-04-02,Incomplete
1936,1999,Technical,2020-07-09,Incomplete
1937,2000,Technical,2024-08-04,Completed
1938,2000,Compliance,2023-09-06,Completed
1939,2000,Compliance,2021-02-21,Incomplete
1940,2000,Communication,2023-01-06,Incomplete
